student,vak,activiteit,zaal,dag,tijdslot
Angle,Advanced Heuristics,h1,A1.04,Dag1,9
Buck,Advanced Heuristics,h1,A1.04,Dag1,9
Eleanora,Advanced Heuristics,h1,A1.04,Dag1,9
Herman,Advanced Heuristics,h1,A1.04,Dag1,9
Jorren,Advanced Heuristics,h1,A1.04,Dag1,9
Kaoutar,Advanced Heuristics,h1,A1.04,Dag1,9
Kyllian,Advanced Heuristics,h1,A1.04,Dag1,9
Malte,Advanced Heuristics,h1,A1.04,Dag1,9
Mellisa,Advanced Heuristics,h1,A1.04,Dag1,9
Myron,Advanced Heuristics,h1,A1.04,Dag1,9
Nuriye,Advanced Heuristics,h1,A1.04,Dag1,9
Rafaela,Advanced Heuristics,h1,A1.04,Dag1,9
Ruveyda,Advanced Heuristics,h1,A1.04,Dag1,9
Servet,Advanced Heuristics,h1,A1.04,Dag1,9
Seyed,Advanced Heuristics,h1,A1.04,Dag1,9
Shan,Advanced Heuristics,h1,A1.04,Dag1,9
Sola,Advanced Heuristics,h1,A1.04,Dag1,9
Tian,Advanced Heuristics,h1,A1.04,Dag1,9
Vigo,Advanced Heuristics,h1,A1.04,Dag1,9
Vivianne,Advanced Heuristics,h1,A1.04,Dag1,9
Angle,Advanced Heuristics,p1,A1.06,Dag1,9
Buck,Advanced Heuristics,p1,A1.06,Dag1,9
Eleanora,Advanced Heuristics,p1,A1.06,Dag1,9
Herman,Advanced Heuristics,p1,A1.06,Dag1,9
Jorren,Advanced Heuristics,p1,A1.06,Dag1,9
Kaoutar,Advanced Heuristics,p1,A1.06,Dag1,9
Kyllian,Advanced Heuristics,p1,A1.06,Dag1,9
Malte,Advanced Heuristics,p1,A1.06,Dag1,9
Mellisa,Advanced Heuristics,p1,A1.06,Dag1,9
Myron,Advanced Heuristics,p1,A1.06,Dag1,9
Nuriye,Advanced Heuristics,p1,A1.08,Dag1,9
Rafaela,Advanced Heuristics,p1,A1.08,Dag1,9
Ruveyda,Advanced Heuristics,p1,A1.08,Dag1,9
Servet,Advanced Heuristics,p1,A1.08,Dag1,9
Seyed,Advanced Heuristics,p1,A1.08,Dag1,9
Shan,Advanced Heuristics,p1,A1.08,Dag1,9
Sola,Advanced Heuristics,p1,A1.08,Dag1,9
Tian,Advanced Heuristics,p1,A1.08,Dag1,9
Vigo,Advanced Heuristics,p1,A1.08,Dag1,9
Vivianne,Advanced Heuristics,p1,A1.08,Dag1,9
Agelo,Algoritmen en complexiteit,h1,A1.10,Dag1,9
Andre,Algoritmen en complexiteit,h1,A1.10,Dag1,9
Angle,Algoritmen en complexiteit,h1,A1.10,Dag1,9
Ard,Algoritmen en complexiteit,h1,A1.10,Dag1,9
Aynel,Algoritmen en complexiteit,h1,A1.10,Dag1,9
Berit,Algoritmen en complexiteit,h1,A1.10,Dag1,9
Brigitta,Algoritmen en complexiteit,h1,A1.10,Dag1,9
Cheyenna,Algoritmen en complexiteit,h1,A1.10,Dag1,9
Chi,Algoritmen en complexiteit,h1,A1.10,Dag1,9
Deejay,Algoritmen en complexiteit,h1,A1.10,Dag1,9
Desiree,Algoritmen en complexiteit,h1,A1.10,Dag1,9
Edin,Algoritmen en complexiteit,h1,A1.10,Dag1,9
Emil,Algoritmen en complexiteit,h1,A1.10,Dag1,9
Ethan,Algoritmen en complexiteit,h1,A1.10,Dag1,9
Franke,Algoritmen en complexiteit,h1,A1.10,Dag1,9
Frederic,Algoritmen en complexiteit,h1,A1.10,Dag1,9
Fredrika,Algoritmen en complexiteit,h1,A1.10,Dag1,9
Gabriella,Algoritmen en complexiteit,h1,A1.10,Dag1,9
Inas,Algoritmen en complexiteit,h1,A1.10,Dag1,9
Janniek,Algoritmen en complexiteit,h1,A1.10,Dag1,9
Jenske,Algoritmen en complexiteit,h1,A1.10,Dag1,9
Jodi,Algoritmen en complexiteit,h1,A1.10,Dag1,9
Julot,Algoritmen en complexiteit,h1,A1.10,Dag1,9
Jurrian,Algoritmen en complexiteit,h1,A1.10,Dag1,9
Karam,Algoritmen en complexiteit,h1,A1.10,Dag1,9
Ko,Algoritmen en complexiteit,h1,A1.10,Dag1,9
Laurent,Algoritmen en complexiteit,h1,A1.10,Dag1,9
Lisse,Algoritmen en complexiteit,h1,A1.10,Dag1,9
Logan,Algoritmen en complexiteit,h1,A1.10,Dag1,9
Lucienne,Algoritmen en complexiteit,h1,A1.10,Dag1,9
Manuel,Algoritmen en complexiteit,h1,A1.10,Dag1,9
Mattijs,Algoritmen en complexiteit,h1,A1.10,Dag1,9
Narin,Algoritmen en complexiteit,h1,A1.10,Dag1,9
Romy,Algoritmen en complexiteit,h1,A1.10,Dag1,9
Saba,Algoritmen en complexiteit,h1,A1.10,Dag1,9
Solane,Algoritmen en complexiteit,h1,A1.10,Dag1,9
Tevfik,Algoritmen en complexiteit,h1,A1.10,Dag1,9
Timo,Algoritmen en complexiteit,h1,A1.10,Dag1,9
Vincentius,Algoritmen en complexiteit,h1,A1.10,Dag1,9
Wytske,Algoritmen en complexiteit,h1,A1.10,Dag1,9
Yalda,Algoritmen en complexiteit,h1,A1.10,Dag1,9
Yuna,Algoritmen en complexiteit,h1,A1.10,Dag1,9
Ziya,Algoritmen en complexiteit,h1,A1.10,Dag1,9
Agelo,Algoritmen en complexiteit,w1,B0.201,Dag1,9
Andre,Algoritmen en complexiteit,w1,B0.201,Dag1,9
Angle,Algoritmen en complexiteit,w1,B0.201,Dag1,9
Ard,Algoritmen en complexiteit,w1,B0.201,Dag1,9
Aynel,Algoritmen en complexiteit,w1,B0.201,Dag1,9
Berit,Algoritmen en complexiteit,w1,B0.201,Dag1,9
Brigitta,Algoritmen en complexiteit,w1,B0.201,Dag1,9
Cheyenna,Algoritmen en complexiteit,w1,B0.201,Dag1,9
Chi,Algoritmen en complexiteit,w1,B0.201,Dag1,9
Deejay,Algoritmen en complexiteit,w1,B0.201,Dag1,9
Desiree,Algoritmen en complexiteit,w1,B0.201,Dag1,9
Edin,Algoritmen en complexiteit,w1,B0.201,Dag1,9
Emil,Algoritmen en complexiteit,w1,B0.201,Dag1,9
Ethan,Algoritmen en complexiteit,w1,B0.201,Dag1,9
Franke,Algoritmen en complexiteit,w1,B0.201,Dag1,9
Frederic,Algoritmen en complexiteit,w1,B0.201,Dag1,9
Fredrika,Algoritmen en complexiteit,w1,B0.201,Dag1,9
Gabriella,Algoritmen en complexiteit,w1,B0.201,Dag1,9
Inas,Algoritmen en complexiteit,w1,B0.201,Dag1,9
Janniek,Algoritmen en complexiteit,w1,B0.201,Dag1,9
Jenske,Algoritmen en complexiteit,w1,B0.201,Dag1,9
Jodi,Algoritmen en complexiteit,w1,B0.201,Dag1,9
Julot,Algoritmen en complexiteit,w1,B0.201,Dag1,9
Jurrian,Algoritmen en complexiteit,w1,B0.201,Dag1,9
Karam,Algoritmen en complexiteit,w1,B0.201,Dag1,9
Ko,Algoritmen en complexiteit,w1,C0.110,Dag1,9
Laurent,Algoritmen en complexiteit,w1,C0.110,Dag1,9
Lisse,Algoritmen en complexiteit,w1,C0.110,Dag1,9
Logan,Algoritmen en complexiteit,w1,C0.110,Dag1,9
Lucienne,Algoritmen en complexiteit,w1,C0.110,Dag1,9
Manuel,Algoritmen en complexiteit,w1,C0.110,Dag1,9
Mattijs,Algoritmen en complexiteit,w1,C0.110,Dag1,9
Narin,Algoritmen en complexiteit,w1,C0.110,Dag1,9
Romy,Algoritmen en complexiteit,w1,C0.110,Dag1,9
Saba,Algoritmen en complexiteit,w1,C0.110,Dag1,9
Solane,Algoritmen en complexiteit,w1,C0.110,Dag1,9
Tevfik,Algoritmen en complexiteit,w1,C0.110,Dag1,9
Timo,Algoritmen en complexiteit,w1,C0.110,Dag1,9
Vincentius,Algoritmen en complexiteit,w1,C0.110,Dag1,9
Wytske,Algoritmen en complexiteit,w1,C0.110,Dag1,9
Yalda,Algoritmen en complexiteit,w1,C0.110,Dag1,9
Yuna,Algoritmen en complexiteit,w1,C0.110,Dag1,9
Ziya,Algoritmen en complexiteit,w1,C0.110,Dag1,9
Agelo,Algoritmen en complexiteit,p1,C1.112,Dag1,9
Andre,Algoritmen en complexiteit,p1,C1.112,Dag1,9
Angle,Algoritmen en complexiteit,p1,C1.112,Dag1,9
Ard,Algoritmen en complexiteit,p1,C1.112,Dag1,9
Aynel,Algoritmen en complexiteit,p1,C1.112,Dag1,9
Berit,Algoritmen en complexiteit,p1,C1.112,Dag1,9
Brigitta,Algoritmen en complexiteit,p1,C1.112,Dag1,9
Cheyenna,Algoritmen en complexiteit,p1,C1.112,Dag1,9
Chi,Algoritmen en complexiteit,p1,C1.112,Dag1,9
Deejay,Algoritmen en complexiteit,p1,C1.112,Dag1,9
Desiree,Algoritmen en complexiteit,p1,C1.112,Dag1,9
Edin,Algoritmen en complexiteit,p1,C1.112,Dag1,9
Emil,Algoritmen en complexiteit,p1,C1.112,Dag1,9
Ethan,Algoritmen en complexiteit,p1,C1.112,Dag1,9
Franke,Algoritmen en complexiteit,p1,C1.112,Dag1,9
Frederic,Algoritmen en complexiteit,p1,C1.112,Dag1,9
Fredrika,Algoritmen en complexiteit,p1,C1.112,Dag1,9
Gabriella,Algoritmen en complexiteit,p1,C1.112,Dag1,9
Inas,Algoritmen en complexiteit,p1,C1.112,Dag1,9
Janniek,Algoritmen en complexiteit,p1,C1.112,Dag1,9
Jenske,Algoritmen en complexiteit,p1,C1.112,Dag1,9
Jodi,Algoritmen en complexiteit,p1,C1.112,Dag1,9
Julot,Algoritmen en complexiteit,p1,C1.112,Dag1,9
Jurrian,Algoritmen en complexiteit,p1,C1.112,Dag1,9
Karam,Algoritmen en complexiteit,p1,C1.112,Dag1,9
Ko,Algoritmen en complexiteit,p1,A1.04,Dag1,11
Laurent,Algoritmen en complexiteit,p1,A1.04,Dag1,11
Lisse,Algoritmen en complexiteit,p1,A1.04,Dag1,11
Logan,Algoritmen en complexiteit,p1,A1.04,Dag1,11
Lucienne,Algoritmen en complexiteit,p1,A1.04,Dag1,11
Manuel,Algoritmen en complexiteit,p1,A1.04,Dag1,11
Mattijs,Algoritmen en complexiteit,p1,A1.04,Dag1,11
Narin,Algoritmen en complexiteit,p1,A1.04,Dag1,11
Romy,Algoritmen en complexiteit,p1,A1.04,Dag1,11
Saba,Algoritmen en complexiteit,p1,A1.04,Dag1,11
Solane,Algoritmen en complexiteit,p1,A1.04,Dag1,11
Tevfik,Algoritmen en complexiteit,p1,A1.04,Dag1,11
Timo,Algoritmen en complexiteit,p1,A1.04,Dag1,11
Vincentius,Algoritmen en complexiteit,p1,A1.04,Dag1,11
Wytske,Algoritmen en complexiteit,p1,A1.04,Dag1,11
Yalda,Algoritmen en complexiteit,p1,A1.04,Dag1,11
Yuna,Algoritmen en complexiteit,p1,A1.04,Dag1,11
Ziya,Algoritmen en complexiteit,p1,A1.04,Dag1,11
Abdallah,Analysemethoden en -technieken,h1,A1.06,Dag1,11
Aboubakr,Analysemethoden en -technieken,h1,A1.06,Dag1,11
Albertine,Analysemethoden en -technieken,h1,A1.06,Dag1,11
Alexandra,Analysemethoden en -technieken,h1,A1.06,Dag1,11
Armin,Analysemethoden en -technieken,h1,A1.06,Dag1,11
Chaimae,Analysemethoden en -technieken,h1,A1.06,Dag1,11
Chelly,Analysemethoden en -technieken,h1,A1.06,Dag1,11
Cherilyn,Analysemethoden en -technieken,h1,A1.06,Dag1,11
Chloe,Analysemethoden en -technieken,h1,A1.06,Dag1,11
Cyrina,Analysemethoden en -technieken,h1,A1.06,Dag1,11
Danique,Analysemethoden en -technieken,h1,A1.06,Dag1,11
Diemer,Analysemethoden en -technieken,h1,A1.06,Dag1,11
Dorenda,Analysemethoden en -technieken,h1,A1.06,Dag1,11
Eddy,Analysemethoden en -technieken,h1,A1.06,Dag1,11
Fae,Analysemethoden en -technieken,h1,A1.06,Dag1,11
Felien,Analysemethoden en -technieken,h1,A1.06,Dag1,11
Florus,Analysemethoden en -technieken,h1,A1.06,Dag1,11
Frederikus,Analysemethoden en -technieken,h1,A1.06,Dag1,11
Hailey,Analysemethoden en -technieken,h1,A1.06,Dag1,11
Hanne,Analysemethoden en -technieken,h1,A1.06,Dag1,11
Harry,Analysemethoden en -technieken,h1,A1.06,Dag1,11
Ilyass,Analysemethoden en -technieken,h1,A1.06,Dag1,11
Imran,Analysemethoden en -technieken,h1,A1.06,Dag1,11
Jackson,Analysemethoden en -technieken,h1,A1.06,Dag1,11
Josef,Analysemethoden en -technieken,h1,A1.06,Dag1,11
Joshi,Analysemethoden en -technieken,h1,A1.06,Dag1,11
Kamiel,Analysemethoden en -technieken,h1,A1.06,Dag1,11
Liana,Analysemethoden en -technieken,h1,A1.06,Dag1,11
Luca,Analysemethoden en -technieken,h1,A1.06,Dag1,11
Maritha,Analysemethoden en -technieken,h1,A1.06,Dag1,11
Mathe,Analysemethoden en -technieken,h1,A1.06,Dag1,11
Mellanie,Analysemethoden en -technieken,h1,A1.06,Dag1,11
Meta,Analysemethoden en -technieken,h1,A1.06,Dag1,11
Micha,Analysemethoden en -technieken,h1,A1.06,Dag1,11
Michel,Analysemethoden en -technieken,h1,A1.06,Dag1,11
Minoesch,Analysemethoden en -technieken,h1,A1.06,Dag1,11
Monika,Analysemethoden en -technieken,h1,A1.06,Dag1,11
Nika,Analysemethoden en -technieken,h1,A1.06,Dag1,11
Nuriye,Analysemethoden en -technieken,h1,A1.06,Dag1,11
Peter-Jan,Analysemethoden en -technieken,h1,A1.06,Dag1,11
Richenel,Analysemethoden en -technieken,h1,A1.06,Dag1,11
Rintje,Analysemethoden en -technieken,h1,A1.06,Dag1,11
Robbie,Analysemethoden en -technieken,h1,A1.06,Dag1,11
Seyed,Analysemethoden en -technieken,h1,A1.06,Dag1,11
Sharen,Analysemethoden en -technieken,h1,A1.06,Dag1,11
Sverre,Analysemethoden en -technieken,h1,A1.06,Dag1,11
Wafa,Analysemethoden en -technieken,h1,A1.06,Dag1,11
Yanick,Analysemethoden en -technieken,h1,A1.06,Dag1,11
Yuki,Analysemethoden en -technieken,h1,A1.06,Dag1,11
Abdel,Architectuur en computerorganisatie,h1,A1.08,Dag1,11
Abram,Architectuur en computerorganisatie,h1,A1.08,Dag1,11
Catherine,Architectuur en computerorganisatie,h1,A1.08,Dag1,11
Chico,Architectuur en computerorganisatie,h1,A1.08,Dag1,11
Christal,Architectuur en computerorganisatie,h1,A1.08,Dag1,11
Dana,Architectuur en computerorganisatie,h1,A1.08,Dag1,11
Edin,Architectuur en computerorganisatie,h1,A1.08,Dag1,11
Femia,Architectuur en computerorganisatie,h1,A1.08,Dag1,11
Gineke,Architectuur en computerorganisatie,h1,A1.08,Dag1,11
Hui,Architectuur en computerorganisatie,h1,A1.08,Dag1,11
Ilana,Architectuur en computerorganisatie,h1,A1.08,Dag1,11
Jorren,Architectuur en computerorganisatie,h1,A1.08,Dag1,11
Luca,Architectuur en computerorganisatie,h1,A1.08,Dag1,11
Maan,Architectuur en computerorganisatie,h1,A1.08,Dag1,11
Myron,Architectuur en computerorganisatie,h1,A1.08,Dag1,11
Nanette,Architectuur en computerorganisatie,h1,A1.08,Dag1,11
Oliver,Architectuur en computerorganisatie,h1,A1.08,Dag1,11
Ruveyda,Architectuur en computerorganisatie,h1,A1.08,Dag1,11
Sanne,Architectuur en computerorganisatie,h1,A1.08,Dag1,11
Servaas,Architectuur en computerorganisatie,h1,A1.08,Dag1,11
Stephano,Architectuur en computerorganisatie,h1,A1.08,Dag1,11
Abdel,Architectuur en computerorganisatie,h2,A1.10,Dag1,11
Abram,Architectuur en computerorganisatie,h2,A1.10,Dag1,11
Catherine,Architectuur en computerorganisatie,h2,A1.10,Dag1,11
Chico,Architectuur en computerorganisatie,h2,A1.10,Dag1,11
Christal,Architectuur en computerorganisatie,h2,A1.10,Dag1,11
Dana,Architectuur en computerorganisatie,h2,A1.10,Dag1,11
Edin,Architectuur en computerorganisatie,h2,A1.10,Dag1,11
Femia,Architectuur en computerorganisatie,h2,A1.10,Dag1,11
Gineke,Architectuur en computerorganisatie,h2,A1.10,Dag1,11
Hui,Architectuur en computerorganisatie,h2,A1.10,Dag1,11
Ilana,Architectuur en computerorganisatie,h2,A1.10,Dag1,11
Jorren,Architectuur en computerorganisatie,h2,A1.10,Dag1,11
Luca,Architectuur en computerorganisatie,h2,A1.10,Dag1,11
Maan,Architectuur en computerorganisatie,h2,A1.10,Dag1,11
Myron,Architectuur en computerorganisatie,h2,A1.10,Dag1,11
Nanette,Architectuur en computerorganisatie,h2,A1.10,Dag1,11
Oliver,Architectuur en computerorganisatie,h2,A1.10,Dag1,11
Ruveyda,Architectuur en computerorganisatie,h2,A1.10,Dag1,11
Sanne,Architectuur en computerorganisatie,h2,A1.10,Dag1,11
Servaas,Architectuur en computerorganisatie,h2,A1.10,Dag1,11
Stephano,Architectuur en computerorganisatie,h2,A1.10,Dag1,11
Abdallah,Autonomous Agents 2,h1,B0.201,Dag1,11
Andre,Autonomous Agents 2,h1,B0.201,Dag1,11
Angelica,Autonomous Agents 2,h1,B0.201,Dag1,11
Bo,Autonomous Agents 2,h1,B0.201,Dag1,11
Danique,Autonomous Agents 2,h1,B0.201,Dag1,11
Deacon,Autonomous Agents 2,h1,B0.201,Dag1,11
Deejay,Autonomous Agents 2,h1,B0.201,Dag1,11
Emrah,Autonomous Agents 2,h1,B0.201,Dag1,11
Esmee,Autonomous Agents 2,h1,B0.201,Dag1,11
Filipe,Autonomous Agents 2,h1,B0.201,Dag1,11
Herwin,Autonomous Agents 2,h1,B0.201,Dag1,11
Jurrian,Autonomous Agents 2,h1,B0.201,Dag1,11
Lammigje,Autonomous Agents 2,h1,B0.201,Dag1,11
Luciana,Autonomous Agents 2,h1,B0.201,Dag1,11
Resul,Autonomous Agents 2,h1,B0.201,Dag1,11
Rhona,Autonomous Agents 2,h1,B0.201,Dag1,11
Roan,Autonomous Agents 2,h1,B0.201,Dag1,11
Shaya,Autonomous Agents 2,h1,B0.201,Dag1,11
Tamimount,Autonomous Agents 2,h1,B0.201,Dag1,11
Tarah,Autonomous Agents 2,h1,B0.201,Dag1,11
Umar,Autonomous Agents 2,h1,B0.201,Dag1,11
Virginie,Autonomous Agents 2,h1,B0.201,Dag1,11
Abdallah,Autonomous Agents 2,h2,C0.110,Dag1,11
Andre,Autonomous Agents 2,h2,C0.110,Dag1,11
Angelica,Autonomous Agents 2,h2,C0.110,Dag1,11
Bo,Autonomous Agents 2,h2,C0.110,Dag1,11
Danique,Autonomous Agents 2,h2,C0.110,Dag1,11
Deacon,Autonomous Agents 2,h2,C0.110,Dag1,11
Deejay,Autonomous Agents 2,h2,C0.110,Dag1,11
Emrah,Autonomous Agents 2,h2,C0.110,Dag1,11
Esmee,Autonomous Agents 2,h2,C0.110,Dag1,11
Filipe,Autonomous Agents 2,h2,C0.110,Dag1,11
Herwin,Autonomous Agents 2,h2,C0.110,Dag1,11
Jurrian,Autonomous Agents 2,h2,C0.110,Dag1,11
Lammigje,Autonomous Agents 2,h2,C0.110,Dag1,11
Luciana,Autonomous Agents 2,h2,C0.110,Dag1,11
Resul,Autonomous Agents 2,h2,C0.110,Dag1,11
Rhona,Autonomous Agents 2,h2,C0.110,Dag1,11
Roan,Autonomous Agents 2,h2,C0.110,Dag1,11
Shaya,Autonomous Agents 2,h2,C0.110,Dag1,11
Tamimount,Autonomous Agents 2,h2,C0.110,Dag1,11
Tarah,Autonomous Agents 2,h2,C0.110,Dag1,11
Umar,Autonomous Agents 2,h2,C0.110,Dag1,11
Virginie,Autonomous Agents 2,h2,C0.110,Dag1,11
Abdallah,Autonomous Agents 2,w1,C1.112,Dag1,11
Andre,Autonomous Agents 2,w1,C1.112,Dag1,11
Angelica,Autonomous Agents 2,w1,C1.112,Dag1,11
Bo,Autonomous Agents 2,w1,C1.112,Dag1,11
Danique,Autonomous Agents 2,w1,C1.112,Dag1,11
Deacon,Autonomous Agents 2,w1,C1.112,Dag1,11
Deejay,Autonomous Agents 2,w1,C1.112,Dag1,11
Emrah,Autonomous Agents 2,w1,C1.112,Dag1,11
Esmee,Autonomous Agents 2,w1,C1.112,Dag1,11
Filipe,Autonomous Agents 2,w1,C1.112,Dag1,11
Herwin,Autonomous Agents 2,w1,A1.04,Dag1,13
Jurrian,Autonomous Agents 2,w1,A1.04,Dag1,13
Lammigje,Autonomous Agents 2,w1,A1.04,Dag1,13
Luciana,Autonomous Agents 2,w1,A1.04,Dag1,13
Resul,Autonomous Agents 2,w1,A1.04,Dag1,13
Rhona,Autonomous Agents 2,w1,A1.04,Dag1,13
Roan,Autonomous Agents 2,w1,A1.04,Dag1,13
Shaya,Autonomous Agents 2,w1,A1.04,Dag1,13
Tamimount,Autonomous Agents 2,w1,A1.04,Dag1,13
Tarah,Autonomous Agents 2,w1,A1.04,Dag1,13
Umar,Autonomous Agents 2,w1,A1.06,Dag1,13
Virginie,Autonomous Agents 2,w1,A1.06,Dag1,13
Abdallah,Autonomous Agents 2,p1,A1.08,Dag1,13
Andre,Autonomous Agents 2,p1,A1.08,Dag1,13
Angelica,Autonomous Agents 2,p1,A1.08,Dag1,13
Bo,Autonomous Agents 2,p1,A1.08,Dag1,13
Danique,Autonomous Agents 2,p1,A1.08,Dag1,13
Deacon,Autonomous Agents 2,p1,A1.08,Dag1,13
Deejay,Autonomous Agents 2,p1,A1.08,Dag1,13
Emrah,Autonomous Agents 2,p1,A1.08,Dag1,13
Esmee,Autonomous Agents 2,p1,A1.08,Dag1,13
Filipe,Autonomous Agents 2,p1,A1.08,Dag1,13
Herwin,Autonomous Agents 2,p1,A1.10,Dag1,13
Jurrian,Autonomous Agents 2,p1,A1.10,Dag1,13
Lammigje,Autonomous Agents 2,p1,A1.10,Dag1,13
Luciana,Autonomous Agents 2,p1,A1.10,Dag1,13
Resul,Autonomous Agents 2,p1,A1.10,Dag1,13
Rhona,Autonomous Agents 2,p1,A1.10,Dag1,13
Roan,Autonomous Agents 2,p1,A1.10,Dag1,13
Shaya,Autonomous Agents 2,p1,A1.10,Dag1,13
Tamimount,Autonomous Agents 2,p1,A1.10,Dag1,13
Tarah,Autonomous Agents 2,p1,A1.10,Dag1,13
Umar,Autonomous Agents 2,p1,B0.201,Dag1,13
Virginie,Autonomous Agents 2,p1,B0.201,Dag1,13
Abdul,Bioinformatica,h1,C0.110,Dag1,13
Ard,Bioinformatica,h1,C0.110,Dag1,13
Bodie,Bioinformatica,h1,C0.110,Dag1,13
Corry,Bioinformatica,h1,C0.110,Dag1,13
Cyrina,Bioinformatica,h1,C0.110,Dag1,13
Demelza,Bioinformatica,h1,C0.110,Dag1,13
Diemer,Bioinformatica,h1,C0.110,Dag1,13
Djura,Bioinformatica,h1,C0.110,Dag1,13
Fatime,Bioinformatica,h1,C0.110,Dag1,13
Fedoua,Bioinformatica,h1,C0.110,Dag1,13
Hanan,Bioinformatica,h1,C0.110,Dag1,13
Haroun,Bioinformatica,h1,C0.110,Dag1,13
Herwin,Bioinformatica,h1,C0.110,Dag1,13
Ilyass,Bioinformatica,h1,C0.110,Dag1,13
Jacko,Bioinformatica,h1,C0.110,Dag1,13
Jarik,Bioinformatica,h1,C0.110,Dag1,13
Jetty,Bioinformatica,h1,C0.110,Dag1,13
Jo-Anne,Bioinformatica,h1,C0.110,Dag1,13
Jonah,Bioinformatica,h1,C0.110,Dag1,13
Jos,Bioinformatica,h1,C0.110,Dag1,13
Julot,Bioinformatica,h1,C0.110,Dag1,13
Jurre,Bioinformatica,h1,C0.110,Dag1,13
Kaoutar,Bioinformatica,h1,C0.110,Dag1,13
Keely,Bioinformatica,h1,C0.110,Dag1,13
Leida,Bioinformatica,h1,C0.110,Dag1,13
Ludovicus,Bioinformatica,h1,C0.110,Dag1,13
Mouna,Bioinformatica,h1,C0.110,Dag1,13
Nermin,Bioinformatica,h1,C0.110,Dag1,13
Owen,Bioinformatica,h1,C0.110,Dag1,13
Patricia,Bioinformatica,h1,C0.110,Dag1,13
Paulette,Bioinformatica,h1,C0.110,Dag1,13
Pleun,Bioinformatica,h1,C0.110,Dag1,13
Raven,Bioinformatica,h1,C0.110,Dag1,13
Resul,Bioinformatica,h1,C0.110,Dag1,13
Roma,Bioinformatica,h1,C0.110,Dag1,13
Romaisa,Bioinformatica,h1,C0.110,Dag1,13
Samyra,Bioinformatica,h1,C0.110,Dag1,13
Sarena,Bioinformatica,h1,C0.110,Dag1,13
Shakir,Bioinformatica,h1,C0.110,Dag1,13
Shawny,Bioinformatica,h1,C0.110,Dag1,13
Sola,Bioinformatica,h1,C0.110,Dag1,13
Valery,Bioinformatica,h1,C0.110,Dag1,13
Vasco,Bioinformatica,h1,C0.110,Dag1,13
Yde,Bioinformatica,h1,C0.110,Dag1,13
Yuri,Bioinformatica,h1,C0.110,Dag1,13
Abdul,Bioinformatica,h2,C1.112,Dag1,13
Ard,Bioinformatica,h2,C1.112,Dag1,13
Bodie,Bioinformatica,h2,C1.112,Dag1,13
Corry,Bioinformatica,h2,C1.112,Dag1,13
Cyrina,Bioinformatica,h2,C1.112,Dag1,13
Demelza,Bioinformatica,h2,C1.112,Dag1,13
Diemer,Bioinformatica,h2,C1.112,Dag1,13
Djura,Bioinformatica,h2,C1.112,Dag1,13
Fatime,Bioinformatica,h2,C1.112,Dag1,13
Fedoua,Bioinformatica,h2,C1.112,Dag1,13
Hanan,Bioinformatica,h2,C1.112,Dag1,13
Haroun,Bioinformatica,h2,C1.112,Dag1,13
Herwin,Bioinformatica,h2,C1.112,Dag1,13
Ilyass,Bioinformatica,h2,C1.112,Dag1,13
Jacko,Bioinformatica,h2,C1.112,Dag1,13
Jarik,Bioinformatica,h2,C1.112,Dag1,13
Jetty,Bioinformatica,h2,C1.112,Dag1,13
Jo-Anne,Bioinformatica,h2,C1.112,Dag1,13
Jonah,Bioinformatica,h2,C1.112,Dag1,13
Jos,Bioinformatica,h2,C1.112,Dag1,13
Julot,Bioinformatica,h2,C1.112,Dag1,13
Jurre,Bioinformatica,h2,C1.112,Dag1,13
Kaoutar,Bioinformatica,h2,C1.112,Dag1,13
Keely,Bioinformatica,h2,C1.112,Dag1,13
Leida,Bioinformatica,h2,C1.112,Dag1,13
Ludovicus,Bioinformatica,h2,C1.112,Dag1,13
Mouna,Bioinformatica,h2,C1.112,Dag1,13
Nermin,Bioinformatica,h2,C1.112,Dag1,13
Owen,Bioinformatica,h2,C1.112,Dag1,13
Patricia,Bioinformatica,h2,C1.112,Dag1,13
Paulette,Bioinformatica,h2,C1.112,Dag1,13
Pleun,Bioinformatica,h2,C1.112,Dag1,13
Raven,Bioinformatica,h2,C1.112,Dag1,13
Resul,Bioinformatica,h2,C1.112,Dag1,13
Roma,Bioinformatica,h2,C1.112,Dag1,13
Romaisa,Bioinformatica,h2,C1.112,Dag1,13
Samyra,Bioinformatica,h2,C1.112,Dag1,13
Sarena,Bioinformatica,h2,C1.112,Dag1,13
Shakir,Bioinformatica,h2,C1.112,Dag1,13
Shawny,Bioinformatica,h2,C1.112,Dag1,13
Sola,Bioinformatica,h2,C1.112,Dag1,13
Valery,Bioinformatica,h2,C1.112,Dag1,13
Vasco,Bioinformatica,h2,C1.112,Dag1,13
Yde,Bioinformatica,h2,C1.112,Dag1,13
Yuri,Bioinformatica,h2,C1.112,Dag1,13
Abdul,Bioinformatica,h3,A1.04,Dag1,15
Ard,Bioinformatica,h3,A1.04,Dag1,15
Bodie,Bioinformatica,h3,A1.04,Dag1,15
Corry,Bioinformatica,h3,A1.04,Dag1,15
Cyrina,Bioinformatica,h3,A1.04,Dag1,15
Demelza,Bioinformatica,h3,A1.04,Dag1,15
Diemer,Bioinformatica,h3,A1.04,Dag1,15
Djura,Bioinformatica,h3,A1.04,Dag1,15
Fatime,Bioinformatica,h3,A1.04,Dag1,15
Fedoua,Bioinformatica,h3,A1.04,Dag1,15
Hanan,Bioinformatica,h3,A1.04,Dag1,15
Haroun,Bioinformatica,h3,A1.04,Dag1,15
Herwin,Bioinformatica,h3,A1.04,Dag1,15
Ilyass,Bioinformatica,h3,A1.04,Dag1,15
Jacko,Bioinformatica,h3,A1.04,Dag1,15
Jarik,Bioinformatica,h3,A1.04,Dag1,15
Jetty,Bioinformatica,h3,A1.04,Dag1,15
Jo-Anne,Bioinformatica,h3,A1.04,Dag1,15
Jonah,Bioinformatica,h3,A1.04,Dag1,15
Jos,Bioinformatica,h3,A1.04,Dag1,15
Julot,Bioinformatica,h3,A1.04,Dag1,15
Jurre,Bioinformatica,h3,A1.04,Dag1,15
Kaoutar,Bioinformatica,h3,A1.04,Dag1,15
Keely,Bioinformatica,h3,A1.04,Dag1,15
Leida,Bioinformatica,h3,A1.04,Dag1,15
Ludovicus,Bioinformatica,h3,A1.04,Dag1,15
Mouna,Bioinformatica,h3,A1.04,Dag1,15
Nermin,Bioinformatica,h3,A1.04,Dag1,15
Owen,Bioinformatica,h3,A1.04,Dag1,15
Patricia,Bioinformatica,h3,A1.04,Dag1,15
Paulette,Bioinformatica,h3,A1.04,Dag1,15
Pleun,Bioinformatica,h3,A1.04,Dag1,15
Raven,Bioinformatica,h3,A1.04,Dag1,15
Resul,Bioinformatica,h3,A1.04,Dag1,15
Roma,Bioinformatica,h3,A1.04,Dag1,15
Romaisa,Bioinformatica,h3,A1.04,Dag1,15
Samyra,Bioinformatica,h3,A1.04,Dag1,15
Sarena,Bioinformatica,h3,A1.04,Dag1,15
Shakir,Bioinformatica,h3,A1.04,Dag1,15
Shawny,Bioinformatica,h3,A1.04,Dag1,15
Sola,Bioinformatica,h3,A1.04,Dag1,15
Valery,Bioinformatica,h3,A1.04,Dag1,15
Vasco,Bioinformatica,h3,A1.04,Dag1,15
Yde,Bioinformatica,h3,A1.04,Dag1,15
Yuri,Bioinformatica,h3,A1.04,Dag1,15
Abdul,Bioinformatica,w1,A1.06,Dag1,15
Ard,Bioinformatica,w1,A1.06,Dag1,15
Bodie,Bioinformatica,w1,A1.06,Dag1,15
Corry,Bioinformatica,w1,A1.06,Dag1,15
Cyrina,Bioinformatica,w1,A1.06,Dag1,15
Demelza,Bioinformatica,w1,A1.06,Dag1,15
Diemer,Bioinformatica,w1,A1.06,Dag1,15
Djura,Bioinformatica,w1,A1.06,Dag1,15
Fatime,Bioinformatica,w1,A1.06,Dag1,15
Fedoua,Bioinformatica,w1,A1.06,Dag1,15
Hanan,Bioinformatica,w1,A1.06,Dag1,15
Haroun,Bioinformatica,w1,A1.06,Dag1,15
Herwin,Bioinformatica,w1,A1.06,Dag1,15
Ilyass,Bioinformatica,w1,A1.06,Dag1,15
Jacko,Bioinformatica,w1,A1.06,Dag1,15
Jarik,Bioinformatica,w1,A1.06,Dag1,15
Jetty,Bioinformatica,w1,A1.06,Dag1,15
Jo-Anne,Bioinformatica,w1,A1.06,Dag1,15
Jonah,Bioinformatica,w1,A1.06,Dag1,15
Jos,Bioinformatica,w1,A1.06,Dag1,15
Julot,Bioinformatica,w1,A1.08,Dag1,15
Jurre,Bioinformatica,w1,A1.08,Dag1,15
Kaoutar,Bioinformatica,w1,A1.08,Dag1,15
Keely,Bioinformatica,w1,A1.08,Dag1,15
Leida,Bioinformatica,w1,A1.08,Dag1,15
Ludovicus,Bioinformatica,w1,A1.08,Dag1,15
Mouna,Bioinformatica,w1,A1.08,Dag1,15
Nermin,Bioinformatica,w1,A1.08,Dag1,15
Owen,Bioinformatica,w1,A1.08,Dag1,15
Patricia,Bioinformatica,w1,A1.08,Dag1,15
Paulette,Bioinformatica,w1,A1.08,Dag1,15
Pleun,Bioinformatica,w1,A1.08,Dag1,15
Raven,Bioinformatica,w1,A1.08,Dag1,15
Resul,Bioinformatica,w1,A1.08,Dag1,15
Roma,Bioinformatica,w1,A1.08,Dag1,15
Romaisa,Bioinformatica,w1,A1.08,Dag1,15
Samyra,Bioinformatica,w1,A1.08,Dag1,15
Sarena,Bioinformatica,w1,A1.08,Dag1,15
Shakir,Bioinformatica,w1,A1.08,Dag1,15
Shawny,Bioinformatica,w1,A1.08,Dag1,15
Sola,Bioinformatica,w1,A1.10,Dag1,15
Valery,Bioinformatica,w1,A1.10,Dag1,15
Vasco,Bioinformatica,w1,A1.10,Dag1,15
Yde,Bioinformatica,w1,A1.10,Dag1,15
Yuri,Bioinformatica,w1,A1.10,Dag1,15
Abdul,Bioinformatica,p1,B0.201,Dag1,15
Ard,Bioinformatica,p1,B0.201,Dag1,15
Bodie,Bioinformatica,p1,B0.201,Dag1,15
Corry,Bioinformatica,p1,B0.201,Dag1,15
Cyrina,Bioinformatica,p1,B0.201,Dag1,15
Demelza,Bioinformatica,p1,B0.201,Dag1,15
Diemer,Bioinformatica,p1,B0.201,Dag1,15
Djura,Bioinformatica,p1,B0.201,Dag1,15
Fatime,Bioinformatica,p1,B0.201,Dag1,15
Fedoua,Bioinformatica,p1,B0.201,Dag1,15
Hanan,Bioinformatica,p1,B0.201,Dag1,15
Haroun,Bioinformatica,p1,B0.201,Dag1,15
Herwin,Bioinformatica,p1,B0.201,Dag1,15
Ilyass,Bioinformatica,p1,B0.201,Dag1,15
Jacko,Bioinformatica,p1,B0.201,Dag1,15
Jarik,Bioinformatica,p1,B0.201,Dag1,15
Jetty,Bioinformatica,p1,B0.201,Dag1,15
Jo-Anne,Bioinformatica,p1,B0.201,Dag1,15
Jonah,Bioinformatica,p1,B0.201,Dag1,15
Jos,Bioinformatica,p1,B0.201,Dag1,15
Julot,Bioinformatica,p1,C0.110,Dag1,15
Jurre,Bioinformatica,p1,C0.110,Dag1,15
Kaoutar,Bioinformatica,p1,C0.110,Dag1,15
Keely,Bioinformatica,p1,C0.110,Dag1,15
Leida,Bioinformatica,p1,C0.110,Dag1,15
Ludovicus,Bioinformatica,p1,C0.110,Dag1,15
Mouna,Bioinformatica,p1,C0.110,Dag1,15
Nermin,Bioinformatica,p1,C0.110,Dag1,15
Owen,Bioinformatica,p1,C0.110,Dag1,15
Patricia,Bioinformatica,p1,C0.110,Dag1,15
Paulette,Bioinformatica,p1,C0.110,Dag1,15
Pleun,Bioinformatica,p1,C0.110,Dag1,15
Raven,Bioinformatica,p1,C0.110,Dag1,15
Resul,Bioinformatica,p1,C0.110,Dag1,15
Roma,Bioinformatica,p1,C0.110,Dag1,15
Romaisa,Bioinformatica,p1,C0.110,Dag1,15
Samyra,Bioinformatica,p1,C0.110,Dag1,15
Sarena,Bioinformatica,p1,C0.110,Dag1,15
Shakir,Bioinformatica,p1,C0.110,Dag1,15
Shawny,Bioinformatica,p1,C0.110,Dag1,15
Sola,Bioinformatica,p1,C1.112,Dag1,15
Valery,Bioinformatica,p1,C1.112,Dag1,15
Vasco,Bioinformatica,p1,C1.112,Dag1,15
Yde,Bioinformatica,p1,C1.112,Dag1,15
Yuri,Bioinformatica,p1,C1.112,Dag1,15
Abdeslam,Calculus 2,h1,A1.04,Dag2,9
Abdul,Calculus 2,h1,A1.04,Dag2,9
Adil,Calculus 2,h1,A1.04,Dag2,9
Albertine,Calculus 2,h1,A1.04,Dag2,9
Allan,Calculus 2,h1,A1.04,Dag2,9
Annamaria,Calculus 2,h1,A1.04,Dag2,9
Arif,Calculus 2,h1,A1.04,Dag2,9
Carmela,Calculus 2,h1,A1.04,Dag2,9
Catherine,Calculus 2,h1,A1.04,Dag2,9
Chloe,Calculus 2,h1,A1.04,Dag2,9
Christianus,Calculus 2,h1,A1.04,Dag2,9
Christoffel,Calculus 2,h1,A1.04,Dag2,9
Danique,Calculus 2,h1,A1.04,Dag2,9
Dax,Calculus 2,h1,A1.04,Dag2,9
Demelza,Calculus 2,h1,A1.04,Dag2,9
Diemer,Calculus 2,h1,A1.04,Dag2,9
Diny,Calculus 2,h1,A1.04,Dag2,9
Djamilla,Calculus 2,h1,A1.04,Dag2,9
Edwinus,Calculus 2,h1,A1.04,Dag2,9
Elbertha,Calculus 2,h1,A1.04,Dag2,9
Evelyn,Calculus 2,h1,A1.04,Dag2,9
Eyup,Calculus 2,h1,A1.04,Dag2,9
Fae,Calculus 2,h1,A1.04,Dag2,9
Faya,Calculus 2,h1,A1.04,Dag2,9
Fedoua,Calculus 2,h1,A1.04,Dag2,9
Frederikus,Calculus 2,h1,A1.04,Dag2,9
Gerritjan,Calculus 2,h1,A1.04,Dag2,9
Graciella,Calculus 2,h1,A1.04,Dag2,9
Gustaaf,Calculus 2,h1,A1.04,Dag2,9
Guus,Calculus 2,h1,A1.04,Dag2,9
Haiko,Calculus 2,h1,A1.04,Dag2,9
Haroun,Calculus 2,h1,A1.04,Dag2,9
Hiba,Calculus 2,h1,A1.04,Dag2,9
Ilayda,Calculus 2,h1,A1.04,Dag2,9
Imran,Calculus 2,h1,A1.04,Dag2,9
Jael,Calculus 2,h1,A1.04,Dag2,9
Jake,Calculus 2,h1,A1.04,Dag2,9
Javier,Calculus 2,h1,A1.04,Dag2,9
Jenske,Calculus 2,h1,A1.04,Dag2,9
Jetty,Calculus 2,h1,A1.04,Dag2,9
Jimi,Calculus 2,h1,A1.04,Dag2,9
Jodi,Calculus 2,h1,A1.04,Dag2,9
Jort,Calculus 2,h1,A1.04,Dag2,9
Jos,Calculus 2,h1,A1.04,Dag2,9
Juliet,Calculus 2,h1,A1.04,Dag2,9
Jurrian,Calculus 2,h1,A1.04,Dag2,9
Keely,Calculus 2,h1,A1.04,Dag2,9
Kelly,Calculus 2,h1,A1.04,Dag2,9
Keshia,Calculus 2,h1,A1.04,Dag2,9
Kimm,Calculus 2,h1,A1.04,Dag2,9
Ko,Calculus 2,h1,A1.04,Dag2,9
Krijntje,Calculus 2,h1,A1.04,Dag2,9
Laurentia,Calculus 2,h1,A1.04,Dag2,9
Lee,Calculus 2,h1,A1.04,Dag2,9
Leida,Calculus 2,h1,A1.04,Dag2,9
Leon,Calculus 2,h1,A1.04,Dag2,9
Leonie,Calculus 2,h1,A1.04,Dag2,9
Levien,Calculus 2,h1,A1.04,Dag2,9
Lisse,Calculus 2,h1,A1.04,Dag2,9
Loulou,Calculus 2,h1,A1.04,Dag2,9
Malcolm,Calculus 2,h1,A1.04,Dag2,9
Manuel,Calculus 2,h1,A1.04,Dag2,9
Marcellus,Calculus 2,h1,A1.04,Dag2,9
Marianka,Calculus 2,h1,A1.04,Dag2,9
Maris,Calculus 2,h1,A1.04,Dag2,9
Marjory,Calculus 2,h1,A1.04,Dag2,9
Marrie,Calculus 2,h1,A1.04,Dag2,9
Mellanie,Calculus 2,h1,A1.04,Dag2,9
Mellisa,Calculus 2,h1,A1.04,Dag2,9
Merel,Calculus 2,h1,A1.04,Dag2,9
Minoesch,Calculus 2,h1,A1.04,Dag2,9
Miquel,Calculus 2,h1,A1.04,Dag2,9
Nadeem,Calculus 2,h1,A1.04,Dag2,9
Nanette,Calculus 2,h1,A1.04,Dag2,9
Nuriye,Calculus 2,h1,A1.04,Dag2,9
Olaf,Calculus 2,h1,A1.04,Dag2,9
Oliver,Calculus 2,h1,A1.04,Dag2,9
Rafaela,Calculus 2,h1,A1.04,Dag2,9
Ravi,Calculus 2,h1,A1.04,Dag2,9
Rayen,Calculus 2,h1,A1.04,Dag2,9
Remon,Calculus 2,h1,A1.04,Dag2,9
Renze,Calculus 2,h1,A1.04,Dag2,9
Rijkje,Calculus 2,h1,A1.04,Dag2,9
Romany,Calculus 2,h1,A1.04,Dag2,9
Rudolph,Calculus 2,h1,A1.04,Dag2,9
Rudy,Calculus 2,h1,A1.04,Dag2,9
Samentha,Calculus 2,h1,A1.04,Dag2,9
Sarena,Calculus 2,h1,A1.04,Dag2,9
Sergio,Calculus 2,h1,A1.04,Dag2,9
Sherwin,Calculus 2,h1,A1.04,Dag2,9
Steijn,Calculus 2,h1,A1.04,Dag2,9
Thijn,Calculus 2,h1,A1.04,Dag2,9
Tian,Calculus 2,h1,A1.04,Dag2,9
Tjalle,Calculus 2,h1,A1.04,Dag2,9
Tom,Calculus 2,h1,A1.04,Dag2,9
Tori,Calculus 2,h1,A1.04,Dag2,9
Tos,Calculus 2,h1,A1.04,Dag2,9
Vanita,Calculus 2,h1,A1.04,Dag2,9
Vivianne,Calculus 2,h1,A1.04,Dag2,9
Wichard,Calculus 2,h1,A1.04,Dag2,9
Willibrordus,Calculus 2,h1,A1.04,Dag2,9
Ycel,Calculus 2,h1,A1.04,Dag2,9
Yde,Calculus 2,h1,A1.04,Dag2,9
Yee,Calculus 2,h1,A1.04,Dag2,9
Yi,Calculus 2,h1,A1.04,Dag2,9
Abdeslam,Calculus 2,w1,A1.06,Dag2,9
Abdul,Calculus 2,w1,A1.06,Dag2,9
Adil,Calculus 2,w1,A1.06,Dag2,9
Albertine,Calculus 2,w1,A1.06,Dag2,9
Allan,Calculus 2,w1,A1.06,Dag2,9
Annamaria,Calculus 2,w1,A1.06,Dag2,9
Arif,Calculus 2,w1,A1.06,Dag2,9
Carmela,Calculus 2,w1,A1.06,Dag2,9
Catherine,Calculus 2,w1,A1.06,Dag2,9
Chloe,Calculus 2,w1,A1.06,Dag2,9
Christianus,Calculus 2,w1,A1.06,Dag2,9
Christoffel,Calculus 2,w1,A1.06,Dag2,9
Danique,Calculus 2,w1,A1.06,Dag2,9
Dax,Calculus 2,w1,A1.06,Dag2,9
Demelza,Calculus 2,w1,A1.06,Dag2,9
Diemer,Calculus 2,w1,A1.06,Dag2,9
Diny,Calculus 2,w1,A1.06,Dag2,9
Djamilla,Calculus 2,w1,A1.06,Dag2,9
Edwinus,Calculus 2,w1,A1.06,Dag2,9
Elbertha,Calculus 2,w1,A1.06,Dag2,9
Evelyn,Calculus 2,w1,A1.06,Dag2,9
Eyup,Calculus 2,w1,A1.06,Dag2,9
Fae,Calculus 2,w1,A1.06,Dag2,9
Faya,Calculus 2,w1,A1.06,Dag2,9
Fedoua,Calculus 2,w1,A1.06,Dag2,9
Frederikus,Calculus 2,w1,A1.06,Dag2,9
Gerritjan,Calculus 2,w1,A1.06,Dag2,9
Graciella,Calculus 2,w1,A1.06,Dag2,9
Gustaaf,Calculus 2,w1,A1.06,Dag2,9
Guus,Calculus 2,w1,A1.06,Dag2,9
Haiko,Calculus 2,w1,A1.06,Dag2,9
Haroun,Calculus 2,w1,A1.06,Dag2,9
Hiba,Calculus 2,w1,A1.06,Dag2,9
Ilayda,Calculus 2,w1,A1.06,Dag2,9
Imran,Calculus 2,w1,A1.06,Dag2,9
Jael,Calculus 2,w1,A1.06,Dag2,9
Jake,Calculus 2,w1,A1.06,Dag2,9
Javier,Calculus 2,w1,A1.06,Dag2,9
Jenske,Calculus 2,w1,A1.06,Dag2,9
Jetty,Calculus 2,w1,A1.06,Dag2,9
Jimi,Calculus 2,w1,A1.08,Dag2,9
Jodi,Calculus 2,w1,A1.08,Dag2,9
Jort,Calculus 2,w1,A1.08,Dag2,9
Jos,Calculus 2,w1,A1.08,Dag2,9
Juliet,Calculus 2,w1,A1.08,Dag2,9
Jurrian,Calculus 2,w1,A1.08,Dag2,9
Keely,Calculus 2,w1,A1.08,Dag2,9
Kelly,Calculus 2,w1,A1.08,Dag2,9
Keshia,Calculus 2,w1,A1.08,Dag2,9
Kimm,Calculus 2,w1,A1.08,Dag2,9
Ko,Calculus 2,w1,A1.08,Dag2,9
Krijntje,Calculus 2,w1,A1.08,Dag2,9
Laurentia,Calculus 2,w1,A1.08,Dag2,9
Lee,Calculus 2,w1,A1.08,Dag2,9
Leida,Calculus 2,w1,A1.08,Dag2,9
Leon,Calculus 2,w1,A1.08,Dag2,9
Leonie,Calculus 2,w1,A1.08,Dag2,9
Levien,Calculus 2,w1,A1.08,Dag2,9
Lisse,Calculus 2,w1,A1.08,Dag2,9
Loulou,Calculus 2,w1,A1.08,Dag2,9
Malcolm,Calculus 2,w1,A1.08,Dag2,9
Manuel,Calculus 2,w1,A1.08,Dag2,9
Marcellus,Calculus 2,w1,A1.08,Dag2,9
Marianka,Calculus 2,w1,A1.08,Dag2,9
Maris,Calculus 2,w1,A1.08,Dag2,9
Marjory,Calculus 2,w1,A1.08,Dag2,9
Marrie,Calculus 2,w1,A1.08,Dag2,9
Mellanie,Calculus 2,w1,A1.08,Dag2,9
Mellisa,Calculus 2,w1,A1.08,Dag2,9
Merel,Calculus 2,w1,A1.08,Dag2,9
Minoesch,Calculus 2,w1,A1.08,Dag2,9
Miquel,Calculus 2,w1,A1.08,Dag2,9
Nadeem,Calculus 2,w1,A1.08,Dag2,9
Nanette,Calculus 2,w1,A1.08,Dag2,9
Nuriye,Calculus 2,w1,A1.08,Dag2,9
Olaf,Calculus 2,w1,A1.08,Dag2,9
Oliver,Calculus 2,w1,A1.08,Dag2,9
Rafaela,Calculus 2,w1,A1.08,Dag2,9
Ravi,Calculus 2,w1,A1.08,Dag2,9
Rayen,Calculus 2,w1,A1.08,Dag2,9
Remon,Calculus 2,w1,A1.10,Dag2,9
Renze,Calculus 2,w1,A1.10,Dag2,9
Rijkje,Calculus 2,w1,A1.10,Dag2,9
Romany,Calculus 2,w1,A1.10,Dag2,9
Rudolph,Calculus 2,w1,A1.10,Dag2,9
Rudy,Calculus 2,w1,A1.10,Dag2,9
Samentha,Calculus 2,w1,A1.10,Dag2,9
Sarena,Calculus 2,w1,A1.10,Dag2,9
Sergio,Calculus 2,w1,A1.10,Dag2,9
Sherwin,Calculus 2,w1,A1.10,Dag2,9
Steijn,Calculus 2,w1,A1.10,Dag2,9
Thijn,Calculus 2,w1,A1.10,Dag2,9
Tian,Calculus 2,w1,A1.10,Dag2,9
Tjalle,Calculus 2,w1,A1.10,Dag2,9
Tom,Calculus 2,w1,A1.10,Dag2,9
Tori,Calculus 2,w1,A1.10,Dag2,9
Tos,Calculus 2,w1,A1.10,Dag2,9
Vanita,Calculus 2,w1,A1.10,Dag2,9
Vivianne,Calculus 2,w1,A1.10,Dag2,9
Wichard,Calculus 2,w1,A1.10,Dag2,9
Willibrordus,Calculus 2,w1,A1.10,Dag2,9
Ycel,Calculus 2,w1,A1.10,Dag2,9
Yde,Calculus 2,w1,A1.10,Dag2,9
Yee,Calculus 2,w1,A1.10,Dag2,9
Yi,Calculus 2,w1,A1.10,Dag2,9
Ard,Collectieve Intelligentie,h1,B0.201,Dag2,9
Aya,Collectieve Intelligentie,h1,B0.201,Dag2,9
Bjorn,Collectieve Intelligentie,h1,B0.201,Dag2,9
Bobby,Collectieve Intelligentie,h1,B0.201,Dag2,9
Brigitta,Collectieve Intelligentie,h1,B0.201,Dag2,9
Buck,Collectieve Intelligentie,h1,B0.201,Dag2,9
Casimir,Collectieve Intelligentie,h1,B0.201,Dag2,9
Christiana,Collectieve Intelligentie,h1,B0.201,Dag2,9
Daisy,Collectieve Intelligentie,h1,B0.201,Dag2,9
Edin,Collectieve Intelligentie,h1,B0.201,Dag2,9
Ella,Collectieve Intelligentie,h1,B0.201,Dag2,9
Emme,Collectieve Intelligentie,h1,B0.201,Dag2,9
Enes,Collectieve Intelligentie,h1,B0.201,Dag2,9
Evi,Collectieve Intelligentie,h1,B0.201,Dag2,9
Fatime,Collectieve Intelligentie,h1,B0.201,Dag2,9
Felien,Collectieve Intelligentie,h1,B0.201,Dag2,9
Femia,Collectieve Intelligentie,h1,B0.201,Dag2,9
Geerte,Collectieve Intelligentie,h1,B0.201,Dag2,9
Harke,Collectieve Intelligentie,h1,B0.201,Dag2,9
Harwin,Collectieve Intelligentie,h1,B0.201,Dag2,9
Hetty,Collectieve Intelligentie,h1,B0.201,Dag2,9
Inger,Collectieve Intelligentie,h1,B0.201,Dag2,9
Jenske,Collectieve Intelligentie,h1,B0.201,Dag2,9
Jimi,Collectieve Intelligentie,h1,B0.201,Dag2,9
Jiri,Collectieve Intelligentie,h1,B0.201,Dag2,9
Jorren,Collectieve Intelligentie,h1,B0.201,Dag2,9
Jos,Collectieve Intelligentie,h1,B0.201,Dag2,9
Karolina,Collectieve Intelligentie,h1,B0.201,Dag2,9
Kimmy,Collectieve Intelligentie,h1,B0.201,Dag2,9
Laurentia,Collectieve Intelligentie,h1,B0.201,Dag2,9
Liedeke,Collectieve Intelligentie,h1,B0.201,Dag2,9
Marcellus,Collectieve Intelligentie,h1,B0.201,Dag2,9
Marck,Collectieve Intelligentie,h1,B0.201,Dag2,9
Marco,Collectieve Intelligentie,h1,B0.201,Dag2,9
Marije,Collectieve Intelligentie,h1,B0.201,Dag2,9
Marrie,Collectieve Intelligentie,h1,B0.201,Dag2,9
Matisse,Collectieve Intelligentie,h1,B0.201,Dag2,9
Matthijs,Collectieve Intelligentie,h1,B0.201,Dag2,9
Matz,Collectieve Intelligentie,h1,B0.201,Dag2,9
Miquel,Collectieve Intelligentie,h1,B0.201,Dag2,9
Priscillia,Collectieve Intelligentie,h1,B0.201,Dag2,9
Ravi,Collectieve Intelligentie,h1,B0.201,Dag2,9
Reduan,Collectieve Intelligentie,h1,B0.201,Dag2,9
Rhona,Collectieve Intelligentie,h1,B0.201,Dag2,9
Romello,Collectieve Intelligentie,h1,B0.201,Dag2,9
Sanne,Collectieve Intelligentie,h1,B0.201,Dag2,9
Shannon,Collectieve Intelligentie,h1,B0.201,Dag2,9
Sharan,Collectieve Intelligentie,h1,B0.201,Dag2,9
Shawny,Collectieve Intelligentie,h1,B0.201,Dag2,9
Silvie,Collectieve Intelligentie,h1,B0.201,Dag2,9
Sivar,Collectieve Intelligentie,h1,B0.201,Dag2,9
Sohrab,Collectieve Intelligentie,h1,B0.201,Dag2,9
Solane,Collectieve Intelligentie,h1,B0.201,Dag2,9
Titia,Collectieve Intelligentie,h1,B0.201,Dag2,9
Valery,Collectieve Intelligentie,h1,B0.201,Dag2,9
Vincent,Collectieve Intelligentie,h1,B0.201,Dag2,9
Virginie,Collectieve Intelligentie,h1,B0.201,Dag2,9
Wafa,Collectieve Intelligentie,h1,B0.201,Dag2,9
Wichard,Collectieve Intelligentie,h1,B0.201,Dag2,9
Xander,Collectieve Intelligentie,h1,B0.201,Dag2,9
Ylse,Collectieve Intelligentie,h1,B0.201,Dag2,9
Ard,Collectieve Intelligentie,h2,C0.110,Dag2,9
Aya,Collectieve Intelligentie,h2,C0.110,Dag2,9
Bjorn,Collectieve Intelligentie,h2,C0.110,Dag2,9
Bobby,Collectieve Intelligentie,h2,C0.110,Dag2,9
Brigitta,Collectieve Intelligentie,h2,C0.110,Dag2,9
Buck,Collectieve Intelligentie,h2,C0.110,Dag2,9
Casimir,Collectieve Intelligentie,h2,C0.110,Dag2,9
Christiana,Collectieve Intelligentie,h2,C0.110,Dag2,9
Daisy,Collectieve Intelligentie,h2,C0.110,Dag2,9
Edin,Collectieve Intelligentie,h2,C0.110,Dag2,9
Ella,Collectieve Intelligentie,h2,C0.110,Dag2,9
Emme,Collectieve Intelligentie,h2,C0.110,Dag2,9
Enes,Collectieve Intelligentie,h2,C0.110,Dag2,9
Evi,Collectieve Intelligentie,h2,C0.110,Dag2,9
Fatime,Collectieve Intelligentie,h2,C0.110,Dag2,9
Felien,Collectieve Intelligentie,h2,C0.110,Dag2,9
Femia,Collectieve Intelligentie,h2,C0.110,Dag2,9
Geerte,Collectieve Intelligentie,h2,C0.110,Dag2,9
Harke,Collectieve Intelligentie,h2,C0.110,Dag2,9
Harwin,Collectieve Intelligentie,h2,C0.110,Dag2,9
Hetty,Collectieve Intelligentie,h2,C0.110,Dag2,9
Inger,Collectieve Intelligentie,h2,C0.110,Dag2,9
Jenske,Collectieve Intelligentie,h2,C0.110,Dag2,9
Jimi,Collectieve Intelligentie,h2,C0.110,Dag2,9
Jiri,Collectieve Intelligentie,h2,C0.110,Dag2,9
Jorren,Collectieve Intelligentie,h2,C0.110,Dag2,9
Jos,Collectieve Intelligentie,h2,C0.110,Dag2,9
Karolina,Collectieve Intelligentie,h2,C0.110,Dag2,9
Kimmy,Collectieve Intelligentie,h2,C0.110,Dag2,9
Laurentia,Collectieve Intelligentie,h2,C0.110,Dag2,9
Liedeke,Collectieve Intelligentie,h2,C0.110,Dag2,9
Marcellus,Collectieve Intelligentie,h2,C0.110,Dag2,9
Marck,Collectieve Intelligentie,h2,C0.110,Dag2,9
Marco,Collectieve Intelligentie,h2,C0.110,Dag2,9
Marije,Collectieve Intelligentie,h2,C0.110,Dag2,9
Marrie,Collectieve Intelligentie,h2,C0.110,Dag2,9
Matisse,Collectieve Intelligentie,h2,C0.110,Dag2,9
Matthijs,Collectieve Intelligentie,h2,C0.110,Dag2,9
Matz,Collectieve Intelligentie,h2,C0.110,Dag2,9
Miquel,Collectieve Intelligentie,h2,C0.110,Dag2,9
Priscillia,Collectieve Intelligentie,h2,C0.110,Dag2,9
Ravi,Collectieve Intelligentie,h2,C0.110,Dag2,9
Reduan,Collectieve Intelligentie,h2,C0.110,Dag2,9
Rhona,Collectieve Intelligentie,h2,C0.110,Dag2,9
Romello,Collectieve Intelligentie,h2,C0.110,Dag2,9
Sanne,Collectieve Intelligentie,h2,C0.110,Dag2,9
Shannon,Collectieve Intelligentie,h2,C0.110,Dag2,9
Sharan,Collectieve Intelligentie,h2,C0.110,Dag2,9
Shawny,Collectieve Intelligentie,h2,C0.110,Dag2,9
Silvie,Collectieve Intelligentie,h2,C0.110,Dag2,9
Sivar,Collectieve Intelligentie,h2,C0.110,Dag2,9
Sohrab,Collectieve Intelligentie,h2,C0.110,Dag2,9
Solane,Collectieve Intelligentie,h2,C0.110,Dag2,9
Titia,Collectieve Intelligentie,h2,C0.110,Dag2,9
Valery,Collectieve Intelligentie,h2,C0.110,Dag2,9
Vincent,Collectieve Intelligentie,h2,C0.110,Dag2,9
Virginie,Collectieve Intelligentie,h2,C0.110,Dag2,9
Wafa,Collectieve Intelligentie,h2,C0.110,Dag2,9
Wichard,Collectieve Intelligentie,h2,C0.110,Dag2,9
Xander,Collectieve Intelligentie,h2,C0.110,Dag2,9
Ylse,Collectieve Intelligentie,h2,C0.110,Dag2,9
Ard,Collectieve Intelligentie,h3,C1.112,Dag2,9
Aya,Collectieve Intelligentie,h3,C1.112,Dag2,9
Bjorn,Collectieve Intelligentie,h3,C1.112,Dag2,9
Bobby,Collectieve Intelligentie,h3,C1.112,Dag2,9
Brigitta,Collectieve Intelligentie,h3,C1.112,Dag2,9
Buck,Collectieve Intelligentie,h3,C1.112,Dag2,9
Casimir,Collectieve Intelligentie,h3,C1.112,Dag2,9
Christiana,Collectieve Intelligentie,h3,C1.112,Dag2,9
Daisy,Collectieve Intelligentie,h3,C1.112,Dag2,9
Edin,Collectieve Intelligentie,h3,C1.112,Dag2,9
Ella,Collectieve Intelligentie,h3,C1.112,Dag2,9
Emme,Collectieve Intelligentie,h3,C1.112,Dag2,9
Enes,Collectieve Intelligentie,h3,C1.112,Dag2,9
Evi,Collectieve Intelligentie,h3,C1.112,Dag2,9
Fatime,Collectieve Intelligentie,h3,C1.112,Dag2,9
Felien,Collectieve Intelligentie,h3,C1.112,Dag2,9
Femia,Collectieve Intelligentie,h3,C1.112,Dag2,9
Geerte,Collectieve Intelligentie,h3,C1.112,Dag2,9
Harke,Collectieve Intelligentie,h3,C1.112,Dag2,9
Harwin,Collectieve Intelligentie,h3,C1.112,Dag2,9
Hetty,Collectieve Intelligentie,h3,C1.112,Dag2,9
Inger,Collectieve Intelligentie,h3,C1.112,Dag2,9
Jenske,Collectieve Intelligentie,h3,C1.112,Dag2,9
Jimi,Collectieve Intelligentie,h3,C1.112,Dag2,9
Jiri,Collectieve Intelligentie,h3,C1.112,Dag2,9
Jorren,Collectieve Intelligentie,h3,C1.112,Dag2,9
Jos,Collectieve Intelligentie,h3,C1.112,Dag2,9
Karolina,Collectieve Intelligentie,h3,C1.112,Dag2,9
Kimmy,Collectieve Intelligentie,h3,C1.112,Dag2,9
Laurentia,Collectieve Intelligentie,h3,C1.112,Dag2,9
Liedeke,Collectieve Intelligentie,h3,C1.112,Dag2,9
Marcellus,Collectieve Intelligentie,h3,C1.112,Dag2,9
Marck,Collectieve Intelligentie,h3,C1.112,Dag2,9
Marco,Collectieve Intelligentie,h3,C1.112,Dag2,9
Marije,Collectieve Intelligentie,h3,C1.112,Dag2,9
Marrie,Collectieve Intelligentie,h3,C1.112,Dag2,9
Matisse,Collectieve Intelligentie,h3,C1.112,Dag2,9
Matthijs,Collectieve Intelligentie,h3,C1.112,Dag2,9
Matz,Collectieve Intelligentie,h3,C1.112,Dag2,9
Miquel,Collectieve Intelligentie,h3,C1.112,Dag2,9
Priscillia,Collectieve Intelligentie,h3,C1.112,Dag2,9
Ravi,Collectieve Intelligentie,h3,C1.112,Dag2,9
Reduan,Collectieve Intelligentie,h3,C1.112,Dag2,9
Rhona,Collectieve Intelligentie,h3,C1.112,Dag2,9
Romello,Collectieve Intelligentie,h3,C1.112,Dag2,9
Sanne,Collectieve Intelligentie,h3,C1.112,Dag2,9
Shannon,Collectieve Intelligentie,h3,C1.112,Dag2,9
Sharan,Collectieve Intelligentie,h3,C1.112,Dag2,9
Shawny,Collectieve Intelligentie,h3,C1.112,Dag2,9
Silvie,Collectieve Intelligentie,h3,C1.112,Dag2,9
Sivar,Collectieve Intelligentie,h3,C1.112,Dag2,9
Sohrab,Collectieve Intelligentie,h3,C1.112,Dag2,9
Solane,Collectieve Intelligentie,h3,C1.112,Dag2,9
Titia,Collectieve Intelligentie,h3,C1.112,Dag2,9
Valery,Collectieve Intelligentie,h3,C1.112,Dag2,9
Vincent,Collectieve Intelligentie,h3,C1.112,Dag2,9
Virginie,Collectieve Intelligentie,h3,C1.112,Dag2,9
Wafa,Collectieve Intelligentie,h3,C1.112,Dag2,9
Wichard,Collectieve Intelligentie,h3,C1.112,Dag2,9
Xander,Collectieve Intelligentie,h3,C1.112,Dag2,9
Ylse,Collectieve Intelligentie,h3,C1.112,Dag2,9
Ard,Collectieve Intelligentie,w1,A1.04,Dag2,11
Aya,Collectieve Intelligentie,w1,A1.04,Dag2,11
Bjorn,Collectieve Intelligentie,w1,A1.04,Dag2,11
Bobby,Collectieve Intelligentie,w1,A1.04,Dag2,11
Brigitta,Collectieve Intelligentie,w1,A1.04,Dag2,11
Buck,Collectieve Intelligentie,w1,A1.04,Dag2,11
Casimir,Collectieve Intelligentie,w1,A1.04,Dag2,11
Christiana,Collectieve Intelligentie,w1,A1.04,Dag2,11
Daisy,Collectieve Intelligentie,w1,A1.04,Dag2,11
Edin,Collectieve Intelligentie,w1,A1.04,Dag2,11
Ella,Collectieve Intelligentie,w1,A1.04,Dag2,11
Emme,Collectieve Intelligentie,w1,A1.04,Dag2,11
Enes,Collectieve Intelligentie,w1,A1.04,Dag2,11
Evi,Collectieve Intelligentie,w1,A1.04,Dag2,11
Fatime,Collectieve Intelligentie,w1,A1.04,Dag2,11
Felien,Collectieve Intelligentie,w1,A1.04,Dag2,11
Femia,Collectieve Intelligentie,w1,A1.04,Dag2,11
Geerte,Collectieve Intelligentie,w1,A1.04,Dag2,11
Harke,Collectieve Intelligentie,w1,A1.04,Dag2,11
Harwin,Collectieve Intelligentie,w1,A1.04,Dag2,11
Hetty,Collectieve Intelligentie,w1,A1.06,Dag2,11
Inger,Collectieve Intelligentie,w1,A1.06,Dag2,11
Jenske,Collectieve Intelligentie,w1,A1.06,Dag2,11
Jimi,Collectieve Intelligentie,w1,A1.06,Dag2,11
Jiri,Collectieve Intelligentie,w1,A1.06,Dag2,11
Jorren,Collectieve Intelligentie,w1,A1.06,Dag2,11
Jos,Collectieve Intelligentie,w1,A1.06,Dag2,11
Karolina,Collectieve Intelligentie,w1,A1.06,Dag2,11
Kimmy,Collectieve Intelligentie,w1,A1.06,Dag2,11
Laurentia,Collectieve Intelligentie,w1,A1.06,Dag2,11
Liedeke,Collectieve Intelligentie,w1,A1.06,Dag2,11
Marcellus,Collectieve Intelligentie,w1,A1.06,Dag2,11
Marck,Collectieve Intelligentie,w1,A1.06,Dag2,11
Marco,Collectieve Intelligentie,w1,A1.06,Dag2,11
Marije,Collectieve Intelligentie,w1,A1.06,Dag2,11
Marrie,Collectieve Intelligentie,w1,A1.06,Dag2,11
Matisse,Collectieve Intelligentie,w1,A1.06,Dag2,11
Matthijs,Collectieve Intelligentie,w1,A1.06,Dag2,11
Matz,Collectieve Intelligentie,w1,A1.06,Dag2,11
Miquel,Collectieve Intelligentie,w1,A1.06,Dag2,11
Priscillia,Collectieve Intelligentie,w1,A1.08,Dag2,11
Ravi,Collectieve Intelligentie,w1,A1.08,Dag2,11
Reduan,Collectieve Intelligentie,w1,A1.08,Dag2,11
Rhona,Collectieve Intelligentie,w1,A1.08,Dag2,11
Romello,Collectieve Intelligentie,w1,A1.08,Dag2,11
Sanne,Collectieve Intelligentie,w1,A1.08,Dag2,11
Shannon,Collectieve Intelligentie,w1,A1.08,Dag2,11
Sharan,Collectieve Intelligentie,w1,A1.08,Dag2,11
Shawny,Collectieve Intelligentie,w1,A1.08,Dag2,11
Silvie,Collectieve Intelligentie,w1,A1.08,Dag2,11
Sivar,Collectieve Intelligentie,w1,A1.08,Dag2,11
Sohrab,Collectieve Intelligentie,w1,A1.08,Dag2,11
Solane,Collectieve Intelligentie,w1,A1.08,Dag2,11
Titia,Collectieve Intelligentie,w1,A1.08,Dag2,11
Valery,Collectieve Intelligentie,w1,A1.08,Dag2,11
Vincent,Collectieve Intelligentie,w1,A1.08,Dag2,11
Virginie,Collectieve Intelligentie,w1,A1.08,Dag2,11
Wafa,Collectieve Intelligentie,w1,A1.08,Dag2,11
Wichard,Collectieve Intelligentie,w1,A1.08,Dag2,11
Xander,Collectieve Intelligentie,w1,A1.08,Dag2,11
Ylse,Collectieve Intelligentie,w1,A1.10,Dag2,11
Ard,Collectieve Intelligentie,p1,B0.201,Dag2,11
Aya,Collectieve Intelligentie,p1,B0.201,Dag2,11
Bjorn,Collectieve Intelligentie,p1,B0.201,Dag2,11
Bobby,Collectieve Intelligentie,p1,B0.201,Dag2,11
Brigitta,Collectieve Intelligentie,p1,B0.201,Dag2,11
Buck,Collectieve Intelligentie,p1,B0.201,Dag2,11
Casimir,Collectieve Intelligentie,p1,B0.201,Dag2,11
Christiana,Collectieve Intelligentie,p1,B0.201,Dag2,11
Daisy,Collectieve Intelligentie,p1,B0.201,Dag2,11
Edin,Collectieve Intelligentie,p1,B0.201,Dag2,11
Ella,Collectieve Intelligentie,p1,B0.201,Dag2,11
Emme,Collectieve Intelligentie,p1,B0.201,Dag2,11
Enes,Collectieve Intelligentie,p1,B0.201,Dag2,11
Evi,Collectieve Intelligentie,p1,B0.201,Dag2,11
Fatime,Collectieve Intelligentie,p1,B0.201,Dag2,11
Felien,Collectieve Intelligentie,p1,B0.201,Dag2,11
Femia,Collectieve Intelligentie,p1,B0.201,Dag2,11
Geerte,Collectieve Intelligentie,p1,B0.201,Dag2,11
Harke,Collectieve Intelligentie,p1,B0.201,Dag2,11
Harwin,Collectieve Intelligentie,p1,B0.201,Dag2,11
Hetty,Collectieve Intelligentie,p1,C0.110,Dag2,11
Inger,Collectieve Intelligentie,p1,C0.110,Dag2,11
Jenske,Collectieve Intelligentie,p1,C0.110,Dag2,11
Jimi,Collectieve Intelligentie,p1,C0.110,Dag2,11
Jiri,Collectieve Intelligentie,p1,C0.110,Dag2,11
Jorren,Collectieve Intelligentie,p1,C0.110,Dag2,11
Jos,Collectieve Intelligentie,p1,C0.110,Dag2,11
Karolina,Collectieve Intelligentie,p1,C0.110,Dag2,11
Kimmy,Collectieve Intelligentie,p1,C0.110,Dag2,11
Laurentia,Collectieve Intelligentie,p1,C0.110,Dag2,11
Liedeke,Collectieve Intelligentie,p1,C0.110,Dag2,11
Marcellus,Collectieve Intelligentie,p1,C0.110,Dag2,11
Marck,Collectieve Intelligentie,p1,C0.110,Dag2,11
Marco,Collectieve Intelligentie,p1,C0.110,Dag2,11
Marije,Collectieve Intelligentie,p1,C0.110,Dag2,11
Marrie,Collectieve Intelligentie,p1,C0.110,Dag2,11
Matisse,Collectieve Intelligentie,p1,C0.110,Dag2,11
Matthijs,Collectieve Intelligentie,p1,C0.110,Dag2,11
Matz,Collectieve Intelligentie,p1,C0.110,Dag2,11
Miquel,Collectieve Intelligentie,p1,C0.110,Dag2,11
Priscillia,Collectieve Intelligentie,p1,C1.112,Dag2,11
Ravi,Collectieve Intelligentie,p1,C1.112,Dag2,11
Reduan,Collectieve Intelligentie,p1,C1.112,Dag2,11
Rhona,Collectieve Intelligentie,p1,C1.112,Dag2,11
Romello,Collectieve Intelligentie,p1,C1.112,Dag2,11
Sanne,Collectieve Intelligentie,p1,C1.112,Dag2,11
Shannon,Collectieve Intelligentie,p1,C1.112,Dag2,11
Sharan,Collectieve Intelligentie,p1,C1.112,Dag2,11
Shawny,Collectieve Intelligentie,p1,C1.112,Dag2,11
Silvie,Collectieve Intelligentie,p1,C1.112,Dag2,11
Sivar,Collectieve Intelligentie,p1,C1.112,Dag2,11
Sohrab,Collectieve Intelligentie,p1,C1.112,Dag2,11
Solane,Collectieve Intelligentie,p1,C1.112,Dag2,11
Titia,Collectieve Intelligentie,p1,C1.112,Dag2,11
Valery,Collectieve Intelligentie,p1,C1.112,Dag2,11
Vincent,Collectieve Intelligentie,p1,C1.112,Dag2,11
Virginie,Collectieve Intelligentie,p1,C1.112,Dag2,11
Wafa,Collectieve Intelligentie,p1,C1.112,Dag2,11
Wichard,Collectieve Intelligentie,p1,C1.112,Dag2,11
Xander,Collectieve Intelligentie,p1,C1.112,Dag2,11
Ylse,Collectieve Intelligentie,p1,A1.04,Dag2,13
Aart,Compilerbouw,h1,A1.06,Dag2,13
Abdelkader,Compilerbouw,h1,A1.06,Dag2,13
Aidan,Compilerbouw,h1,A1.06,Dag2,13
Amadou,Compilerbouw,h1,A1.06,Dag2,13
Antonius,Compilerbouw,h1,A1.06,Dag2,13
Arnela,Compilerbouw,h1,A1.06,Dag2,13
Bauke,Compilerbouw,h1,A1.06,Dag2,13
Bodie,Compilerbouw,h1,A1.06,Dag2,13
Brecht,Compilerbouw,h1,A1.06,Dag2,13
Carmela,Compilerbouw,h1,A1.06,Dag2,13
Ceren,Compilerbouw,h1,A1.06,Dag2,13
Daisy,Compilerbouw,h1,A1.06,Dag2,13
Dana,Compilerbouw,h1,A1.06,Dag2,13
Deacon,Compilerbouw,h1,A1.06,Dag2,13
Doede,Compilerbouw,h1,A1.06,Dag2,13
Dragana,Compilerbouw,h1,A1.06,Dag2,13
Eleanora,Compilerbouw,h1,A1.06,Dag2,13
Emircan,Compilerbouw,h1,A1.06,Dag2,13
Enrico,Compilerbouw,h1,A1.06,Dag2,13
Evelyn,Compilerbouw,h1,A1.06,Dag2,13
Farah,Compilerbouw,h1,A1.06,Dag2,13
Federico,Compilerbouw,h1,A1.06,Dag2,13
Filipe,Compilerbouw,h1,A1.06,Dag2,13
Geerte,Compilerbouw,h1,A1.06,Dag2,13
George,Compilerbouw,h1,A1.06,Dag2,13
Gradus,Compilerbouw,h1,A1.06,Dag2,13
Heiltje,Compilerbouw,h1,A1.06,Dag2,13
Jaro,Compilerbouw,h1,A1.06,Dag2,13
Jonah,Compilerbouw,h1,A1.06,Dag2,13
Jorike,Compilerbouw,h1,A1.06,Dag2,13
Jos,Compilerbouw,h1,A1.06,Dag2,13
Joshi,Compilerbouw,h1,A1.06,Dag2,13
Karim,Compilerbouw,h1,A1.06,Dag2,13
Lammigje,Compilerbouw,h1,A1.06,Dag2,13
Le,Compilerbouw,h1,A1.06,Dag2,13
Lenne,Compilerbouw,h1,A1.06,Dag2,13
Leon,Compilerbouw,h1,A1.06,Dag2,13
Lucienne,Compilerbouw,h1,A1.06,Dag2,13
Lysbeth,Compilerbouw,h1,A1.06,Dag2,13
Martin,Compilerbouw,h1,A1.06,Dag2,13
Matisse,Compilerbouw,h1,A1.06,Dag2,13
Mattijs,Compilerbouw,h1,A1.06,Dag2,13
Meta,Compilerbouw,h1,A1.06,Dag2,13
Mitzi,Compilerbouw,h1,A1.06,Dag2,13
Nadien,Compilerbouw,h1,A1.06,Dag2,13
Nanette,Compilerbouw,h1,A1.06,Dag2,13
Noud,Compilerbouw,h1,A1.06,Dag2,13
Nygel,Compilerbouw,h1,A1.06,Dag2,13
Olaf,Compilerbouw,h1,A1.06,Dag2,13
Patricia,Compilerbouw,h1,A1.06,Dag2,13
Rayen,Compilerbouw,h1,A1.06,Dag2,13
Redouane,Compilerbouw,h1,A1.06,Dag2,13
Reduan,Compilerbouw,h1,A1.06,Dag2,13
Rieke,Compilerbouw,h1,A1.06,Dag2,13
Sanja,Compilerbouw,h1,A1.06,Dag2,13
Scotty,Compilerbouw,h1,A1.06,Dag2,13
Sharan,Compilerbouw,h1,A1.06,Dag2,13
Sien,Compilerbouw,h1,A1.06,Dag2,13
Solomon,Compilerbouw,h1,A1.06,Dag2,13
Stephano,Compilerbouw,h1,A1.06,Dag2,13
Tea,Compilerbouw,h1,A1.06,Dag2,13
Thijn,Compilerbouw,h1,A1.06,Dag2,13
Titia,Compilerbouw,h1,A1.06,Dag2,13
Tom,Compilerbouw,h1,A1.06,Dag2,13
Valery,Compilerbouw,h1,A1.06,Dag2,13
Wannes,Compilerbouw,h1,A1.06,Dag2,13
Wytske,Compilerbouw,h1,A1.06,Dag2,13
Yalda,Compilerbouw,h1,A1.06,Dag2,13
Yunus,Compilerbouw,h1,A1.06,Dag2,13
Aart,Compilerbouw,h2,A1.08,Dag2,13
Abdelkader,Compilerbouw,h2,A1.08,Dag2,13
Aidan,Compilerbouw,h2,A1.08,Dag2,13
Amadou,Compilerbouw,h2,A1.08,Dag2,13
Antonius,Compilerbouw,h2,A1.08,Dag2,13
Arnela,Compilerbouw,h2,A1.08,Dag2,13
Bauke,Compilerbouw,h2,A1.08,Dag2,13
Bodie,Compilerbouw,h2,A1.08,Dag2,13
Brecht,Compilerbouw,h2,A1.08,Dag2,13
Carmela,Compilerbouw,h2,A1.08,Dag2,13
Ceren,Compilerbouw,h2,A1.08,Dag2,13
Daisy,Compilerbouw,h2,A1.08,Dag2,13
Dana,Compilerbouw,h2,A1.08,Dag2,13
Deacon,Compilerbouw,h2,A1.08,Dag2,13
Doede,Compilerbouw,h2,A1.08,Dag2,13
Dragana,Compilerbouw,h2,A1.08,Dag2,13
Eleanora,Compilerbouw,h2,A1.08,Dag2,13
Emircan,Compilerbouw,h2,A1.08,Dag2,13
Enrico,Compilerbouw,h2,A1.08,Dag2,13
Evelyn,Compilerbouw,h2,A1.08,Dag2,13
Farah,Compilerbouw,h2,A1.08,Dag2,13
Federico,Compilerbouw,h2,A1.08,Dag2,13
Filipe,Compilerbouw,h2,A1.08,Dag2,13
Geerte,Compilerbouw,h2,A1.08,Dag2,13
George,Compilerbouw,h2,A1.08,Dag2,13
Gradus,Compilerbouw,h2,A1.08,Dag2,13
Heiltje,Compilerbouw,h2,A1.08,Dag2,13
Jaro,Compilerbouw,h2,A1.08,Dag2,13
Jonah,Compilerbouw,h2,A1.08,Dag2,13
Jorike,Compilerbouw,h2,A1.08,Dag2,13
Jos,Compilerbouw,h2,A1.08,Dag2,13
Joshi,Compilerbouw,h2,A1.08,Dag2,13
Karim,Compilerbouw,h2,A1.08,Dag2,13
Lammigje,Compilerbouw,h2,A1.08,Dag2,13
Le,Compilerbouw,h2,A1.08,Dag2,13
Lenne,Compilerbouw,h2,A1.08,Dag2,13
Leon,Compilerbouw,h2,A1.08,Dag2,13
Lucienne,Compilerbouw,h2,A1.08,Dag2,13
Lysbeth,Compilerbouw,h2,A1.08,Dag2,13
Martin,Compilerbouw,h2,A1.08,Dag2,13
Matisse,Compilerbouw,h2,A1.08,Dag2,13
Mattijs,Compilerbouw,h2,A1.08,Dag2,13
Meta,Compilerbouw,h2,A1.08,Dag2,13
Mitzi,Compilerbouw,h2,A1.08,Dag2,13
Nadien,Compilerbouw,h2,A1.08,Dag2,13
Nanette,Compilerbouw,h2,A1.08,Dag2,13
Noud,Compilerbouw,h2,A1.08,Dag2,13
Nygel,Compilerbouw,h2,A1.08,Dag2,13
Olaf,Compilerbouw,h2,A1.08,Dag2,13
Patricia,Compilerbouw,h2,A1.08,Dag2,13
Rayen,Compilerbouw,h2,A1.08,Dag2,13
Redouane,Compilerbouw,h2,A1.08,Dag2,13
Reduan,Compilerbouw,h2,A1.08,Dag2,13
Rieke,Compilerbouw,h2,A1.08,Dag2,13
Sanja,Compilerbouw,h2,A1.08,Dag2,13
Scotty,Compilerbouw,h2,A1.08,Dag2,13
Sharan,Compilerbouw,h2,A1.08,Dag2,13
Sien,Compilerbouw,h2,A1.08,Dag2,13
Solomon,Compilerbouw,h2,A1.08,Dag2,13
Stephano,Compilerbouw,h2,A1.08,Dag2,13
Tea,Compilerbouw,h2,A1.08,Dag2,13
Thijn,Compilerbouw,h2,A1.08,Dag2,13
Titia,Compilerbouw,h2,A1.08,Dag2,13
Tom,Compilerbouw,h2,A1.08,Dag2,13
Valery,Compilerbouw,h2,A1.08,Dag2,13
Wannes,Compilerbouw,h2,A1.08,Dag2,13
Wytske,Compilerbouw,h2,A1.08,Dag2,13
Yalda,Compilerbouw,h2,A1.08,Dag2,13
Yunus,Compilerbouw,h2,A1.08,Dag2,13
Aart,Compilerbouw,w1,A1.10,Dag2,13
Abdelkader,Compilerbouw,w1,A1.10,Dag2,13
Aidan,Compilerbouw,w1,A1.10,Dag2,13
Amadou,Compilerbouw,w1,A1.10,Dag2,13
Antonius,Compilerbouw,w1,A1.10,Dag2,13
Arnela,Compilerbouw,w1,A1.10,Dag2,13
Bauke,Compilerbouw,w1,A1.10,Dag2,13
Bodie,Compilerbouw,w1,A1.10,Dag2,13
Brecht,Compilerbouw,w1,A1.10,Dag2,13
Carmela,Compilerbouw,w1,A1.10,Dag2,13
Ceren,Compilerbouw,w1,A1.10,Dag2,13
Daisy,Compilerbouw,w1,A1.10,Dag2,13
Dana,Compilerbouw,w1,A1.10,Dag2,13
Deacon,Compilerbouw,w1,A1.10,Dag2,13
Doede,Compilerbouw,w1,A1.10,Dag2,13
Dragana,Compilerbouw,w1,A1.10,Dag2,13
Eleanora,Compilerbouw,w1,A1.10,Dag2,13
Emircan,Compilerbouw,w1,A1.10,Dag2,13
Enrico,Compilerbouw,w1,A1.10,Dag2,13
Evelyn,Compilerbouw,w1,A1.10,Dag2,13
Farah,Compilerbouw,w1,A1.10,Dag2,13
Federico,Compilerbouw,w1,A1.10,Dag2,13
Filipe,Compilerbouw,w1,A1.10,Dag2,13
Geerte,Compilerbouw,w1,A1.10,Dag2,13
George,Compilerbouw,w1,A1.10,Dag2,13
Gradus,Compilerbouw,w1,A1.10,Dag2,13
Heiltje,Compilerbouw,w1,A1.10,Dag2,13
Jaro,Compilerbouw,w1,A1.10,Dag2,13
Jonah,Compilerbouw,w1,A1.10,Dag2,13
Jorike,Compilerbouw,w1,A1.10,Dag2,13
Jos,Compilerbouw,w1,A1.10,Dag2,13
Joshi,Compilerbouw,w1,A1.10,Dag2,13
Karim,Compilerbouw,w1,A1.10,Dag2,13
Lammigje,Compilerbouw,w1,A1.10,Dag2,13
Le,Compilerbouw,w1,A1.10,Dag2,13
Lenne,Compilerbouw,w1,A1.10,Dag2,13
Leon,Compilerbouw,w1,A1.10,Dag2,13
Lucienne,Compilerbouw,w1,A1.10,Dag2,13
Lysbeth,Compilerbouw,w1,A1.10,Dag2,13
Martin,Compilerbouw,w1,A1.10,Dag2,13
Matisse,Compilerbouw,w1,B0.201,Dag2,13
Mattijs,Compilerbouw,w1,B0.201,Dag2,13
Meta,Compilerbouw,w1,B0.201,Dag2,13
Mitzi,Compilerbouw,w1,B0.201,Dag2,13
Nadien,Compilerbouw,w1,B0.201,Dag2,13
Nanette,Compilerbouw,w1,B0.201,Dag2,13
Noud,Compilerbouw,w1,B0.201,Dag2,13
Nygel,Compilerbouw,w1,B0.201,Dag2,13
Olaf,Compilerbouw,w1,B0.201,Dag2,13
Patricia,Compilerbouw,w1,B0.201,Dag2,13
Rayen,Compilerbouw,w1,B0.201,Dag2,13
Redouane,Compilerbouw,w1,B0.201,Dag2,13
Reduan,Compilerbouw,w1,B0.201,Dag2,13
Rieke,Compilerbouw,w1,B0.201,Dag2,13
Sanja,Compilerbouw,w1,B0.201,Dag2,13
Scotty,Compilerbouw,w1,B0.201,Dag2,13
Sharan,Compilerbouw,w1,B0.201,Dag2,13
Sien,Compilerbouw,w1,B0.201,Dag2,13
Solomon,Compilerbouw,w1,B0.201,Dag2,13
Stephano,Compilerbouw,w1,B0.201,Dag2,13
Tea,Compilerbouw,w1,B0.201,Dag2,13
Thijn,Compilerbouw,w1,B0.201,Dag2,13
Titia,Compilerbouw,w1,B0.201,Dag2,13
Tom,Compilerbouw,w1,B0.201,Dag2,13
Valery,Compilerbouw,w1,B0.201,Dag2,13
Wannes,Compilerbouw,w1,B0.201,Dag2,13
Wytske,Compilerbouw,w1,B0.201,Dag2,13
Yalda,Compilerbouw,w1,B0.201,Dag2,13
Yunus,Compilerbouw,w1,B0.201,Dag2,13
Aart,Compilerbouw,p1,C0.110,Dag2,13
Abdelkader,Compilerbouw,p1,C0.110,Dag2,13
Aidan,Compilerbouw,p1,C0.110,Dag2,13
Amadou,Compilerbouw,p1,C0.110,Dag2,13
Antonius,Compilerbouw,p1,C0.110,Dag2,13
Arnela,Compilerbouw,p1,C0.110,Dag2,13
Bauke,Compilerbouw,p1,C0.110,Dag2,13
Bodie,Compilerbouw,p1,C0.110,Dag2,13
Brecht,Compilerbouw,p1,C0.110,Dag2,13
Carmela,Compilerbouw,p1,C0.110,Dag2,13
Ceren,Compilerbouw,p1,C0.110,Dag2,13
Daisy,Compilerbouw,p1,C0.110,Dag2,13
Dana,Compilerbouw,p1,C0.110,Dag2,13
Deacon,Compilerbouw,p1,C0.110,Dag2,13
Doede,Compilerbouw,p1,C0.110,Dag2,13
Dragana,Compilerbouw,p1,C0.110,Dag2,13
Eleanora,Compilerbouw,p1,C0.110,Dag2,13
Emircan,Compilerbouw,p1,C0.110,Dag2,13
Enrico,Compilerbouw,p1,C0.110,Dag2,13
Evelyn,Compilerbouw,p1,C0.110,Dag2,13
Farah,Compilerbouw,p1,C0.110,Dag2,13
Federico,Compilerbouw,p1,C0.110,Dag2,13
Filipe,Compilerbouw,p1,C0.110,Dag2,13
Geerte,Compilerbouw,p1,C0.110,Dag2,13
George,Compilerbouw,p1,C0.110,Dag2,13
Gradus,Compilerbouw,p1,C0.110,Dag2,13
Heiltje,Compilerbouw,p1,C0.110,Dag2,13
Jaro,Compilerbouw,p1,C0.110,Dag2,13
Jonah,Compilerbouw,p1,C0.110,Dag2,13
Jorike,Compilerbouw,p1,C0.110,Dag2,13
Jos,Compilerbouw,p1,C0.110,Dag2,13
Joshi,Compilerbouw,p1,C0.110,Dag2,13
Karim,Compilerbouw,p1,C0.110,Dag2,13
Lammigje,Compilerbouw,p1,C0.110,Dag2,13
Le,Compilerbouw,p1,C0.110,Dag2,13
Lenne,Compilerbouw,p1,C0.110,Dag2,13
Leon,Compilerbouw,p1,C0.110,Dag2,13
Lucienne,Compilerbouw,p1,C0.110,Dag2,13
Lysbeth,Compilerbouw,p1,C0.110,Dag2,13
Martin,Compilerbouw,p1,C0.110,Dag2,13
Matisse,Compilerbouw,p1,C1.112,Dag2,13
Mattijs,Compilerbouw,p1,C1.112,Dag2,13
Meta,Compilerbouw,p1,C1.112,Dag2,13
Mitzi,Compilerbouw,p1,C1.112,Dag2,13
Nadien,Compilerbouw,p1,C1.112,Dag2,13
Nanette,Compilerbouw,p1,C1.112,Dag2,13
Noud,Compilerbouw,p1,C1.112,Dag2,13
Nygel,Compilerbouw,p1,C1.112,Dag2,13
Olaf,Compilerbouw,p1,C1.112,Dag2,13
Patricia,Compilerbouw,p1,C1.112,Dag2,13
Rayen,Compilerbouw,p1,C1.112,Dag2,13
Redouane,Compilerbouw,p1,C1.112,Dag2,13
Reduan,Compilerbouw,p1,C1.112,Dag2,13
Rieke,Compilerbouw,p1,C1.112,Dag2,13
Sanja,Compilerbouw,p1,C1.112,Dag2,13
Scotty,Compilerbouw,p1,C1.112,Dag2,13
Sharan,Compilerbouw,p1,C1.112,Dag2,13
Sien,Compilerbouw,p1,C1.112,Dag2,13
Solomon,Compilerbouw,p1,C1.112,Dag2,13
Stephano,Compilerbouw,p1,C1.112,Dag2,13
Tea,Compilerbouw,p1,C1.112,Dag2,13
Thijn,Compilerbouw,p1,C1.112,Dag2,13
Titia,Compilerbouw,p1,C1.112,Dag2,13
Tom,Compilerbouw,p1,C1.112,Dag2,13
Valery,Compilerbouw,p1,C1.112,Dag2,13
Wannes,Compilerbouw,p1,C1.112,Dag2,13
Wytske,Compilerbouw,p1,C1.112,Dag2,13
Yalda,Compilerbouw,p1,C1.112,Dag2,13
Yunus,Compilerbouw,p1,C1.112,Dag2,13
Anjana,Compilerbouw practicum,p1,A1.04,Dag2,15
Annemarie,Compilerbouw practicum,p1,A1.04,Dag2,15
Brigitta,Compilerbouw practicum,p1,A1.04,Dag2,15
Callista,Compilerbouw practicum,p1,A1.04,Dag2,15
Chi,Compilerbouw practicum,p1,A1.04,Dag2,15
Christianus,Compilerbouw practicum,p1,A1.04,Dag2,15
Chrystel,Compilerbouw practicum,p1,A1.04,Dag2,15
Do?ukan,Compilerbouw practicum,p1,A1.04,Dag2,15
Enrique,Compilerbouw practicum,p1,A1.04,Dag2,15
Eveline,Compilerbouw practicum,p1,A1.04,Dag2,15
Farah,Compilerbouw practicum,p1,A1.04,Dag2,15
Federico,Compilerbouw practicum,p1,A1.04,Dag2,15
Gabriella,Compilerbouw practicum,p1,A1.04,Dag2,15
Goos,Compilerbouw practicum,p1,A1.04,Dag2,15
Hanan,Compilerbouw practicum,p1,A1.04,Dag2,15
Harwin,Compilerbouw practicum,p1,A1.06,Dag2,15
Hui,Compilerbouw practicum,p1,A1.06,Dag2,15
Johanne,Compilerbouw practicum,p1,A1.06,Dag2,15
Jory,Compilerbouw practicum,p1,A1.06,Dag2,15
Judi,Compilerbouw practicum,p1,A1.06,Dag2,15
Kenan,Compilerbouw practicum,p1,A1.06,Dag2,15
Lisse,Compilerbouw practicum,p1,A1.06,Dag2,15
Maran,Compilerbouw practicum,p1,A1.06,Dag2,15
Maurice,Compilerbouw practicum,p1,A1.06,Dag2,15
Mayla,Compilerbouw practicum,p1,A1.06,Dag2,15
Nadja,Compilerbouw practicum,p1,A1.06,Dag2,15
Nermin,Compilerbouw practicum,p1,A1.06,Dag2,15
Olle,Compilerbouw practicum,p1,A1.06,Dag2,15
Pleun,Compilerbouw practicum,p1,A1.06,Dag2,15
Rafaela,Compilerbouw practicum,p1,A1.06,Dag2,15
Rahim,Compilerbouw practicum,p1,A1.08,Dag2,15
Sahar,Compilerbouw practicum,p1,A1.08,Dag2,15
Silvie,Compilerbouw practicum,p1,A1.08,Dag2,15
Solane,Compilerbouw practicum,p1,A1.08,Dag2,15
Taeke,Compilerbouw practicum,p1,A1.08,Dag2,15
Tamar,Compilerbouw practicum,p1,A1.08,Dag2,15
Thys,Compilerbouw practicum,p1,A1.08,Dag2,15
Wissal,Compilerbouw practicum,p1,A1.08,Dag2,15
Yi,Compilerbouw practicum,p1,A1.08,Dag2,15
Yuki,Compilerbouw practicum,p1,A1.08,Dag2,15
Andre,Data Mining,h1,A1.10,Dag2,15
Ans,Data Mining,h1,A1.10,Dag2,15
Ard,Data Mining,h1,A1.10,Dag2,15
Brigitta,Data Mining,h1,A1.10,Dag2,15
Ciske,Data Mining,h1,A1.10,Dag2,15
Deejay,Data Mining,h1,A1.10,Dag2,15
Herwin,Data Mining,h1,A1.10,Dag2,15
Jarik,Data Mining,h1,A1.10,Dag2,15
Jayme,Data Mining,h1,A1.10,Dag2,15
Jetty,Data Mining,h1,A1.10,Dag2,15
Johannus,Data Mining,h1,A1.10,Dag2,15
Kamil,Data Mining,h1,A1.10,Dag2,15
Kavish,Data Mining,h1,A1.10,Dag2,15
Kyan,Data Mining,h1,A1.10,Dag2,15
Mahmud,Data Mining,h1,A1.10,Dag2,15
Marise,Data Mining,h1,A1.10,Dag2,15
Michal,Data Mining,h1,A1.10,Dag2,15
Nordin,Data Mining,h1,A1.10,Dag2,15
Ouidad,Data Mining,h1,A1.10,Dag2,15
Remon,Data Mining,h1,A1.10,Dag2,15
Rins,Data Mining,h1,A1.10,Dag2,15
Rivelino,Data Mining,h1,A1.10,Dag2,15
Sayfeddine,Data Mining,h1,A1.10,Dag2,15
Talha,Data Mining,h1,A1.10,Dag2,15
Theadora,Data Mining,h1,A1.10,Dag2,15
Touraya,Data Mining,h1,A1.10,Dag2,15
Yanick,Data Mining,h1,A1.10,Dag2,15
Andre,Data Mining,h2,B0.201,Dag2,15
Ans,Data Mining,h2,B0.201,Dag2,15
Ard,Data Mining,h2,B0.201,Dag2,15
Brigitta,Data Mining,h2,B0.201,Dag2,15
Ciske,Data Mining,h2,B0.201,Dag2,15
Deejay,Data Mining,h2,B0.201,Dag2,15
Herwin,Data Mining,h2,B0.201,Dag2,15
Jarik,Data Mining,h2,B0.201,Dag2,15
Jayme,Data Mining,h2,B0.201,Dag2,15
Jetty,Data Mining,h2,B0.201,Dag2,15
Johannus,Data Mining,h2,B0.201,Dag2,15
Kamil,Data Mining,h2,B0.201,Dag2,15
Kavish,Data Mining,h2,B0.201,Dag2,15
Kyan,Data Mining,h2,B0.201,Dag2,15
Mahmud,Data Mining,h2,B0.201,Dag2,15
Marise,Data Mining,h2,B0.201,Dag2,15
Michal,Data Mining,h2,B0.201,Dag2,15
Nordin,Data Mining,h2,B0.201,Dag2,15
Ouidad,Data Mining,h2,B0.201,Dag2,15
Remon,Data Mining,h2,B0.201,Dag2,15
Rins,Data Mining,h2,B0.201,Dag2,15
Rivelino,Data Mining,h2,B0.201,Dag2,15
Sayfeddine,Data Mining,h2,B0.201,Dag2,15
Talha,Data Mining,h2,B0.201,Dag2,15
Theadora,Data Mining,h2,B0.201,Dag2,15
Touraya,Data Mining,h2,B0.201,Dag2,15
Yanick,Data Mining,h2,B0.201,Dag2,15
Andre,Data Mining,w1,C0.110,Dag2,15
Ans,Data Mining,w1,C0.110,Dag2,15
Ard,Data Mining,w1,C0.110,Dag2,15
Brigitta,Data Mining,w1,C0.110,Dag2,15
Ciske,Data Mining,w1,C0.110,Dag2,15
Deejay,Data Mining,w1,C0.110,Dag2,15
Herwin,Data Mining,w1,C0.110,Dag2,15
Jarik,Data Mining,w1,C0.110,Dag2,15
Jayme,Data Mining,w1,C0.110,Dag2,15
Jetty,Data Mining,w1,C0.110,Dag2,15
Johannus,Data Mining,w1,C1.112,Dag2,15
Kamil,Data Mining,w1,C1.112,Dag2,15
Kavish,Data Mining,w1,C1.112,Dag2,15
Kyan,Data Mining,w1,C1.112,Dag2,15
Mahmud,Data Mining,w1,C1.112,Dag2,15
Marise,Data Mining,w1,C1.112,Dag2,15
Michal,Data Mining,w1,C1.112,Dag2,15
Nordin,Data Mining,w1,C1.112,Dag2,15
Ouidad,Data Mining,w1,C1.112,Dag2,15
Remon,Data Mining,w1,C1.112,Dag2,15
Rins,Data Mining,w1,A1.04,Dag3,9
Rivelino,Data Mining,w1,A1.04,Dag3,9
Sayfeddine,Data Mining,w1,A1.04,Dag3,9
Talha,Data Mining,w1,A1.04,Dag3,9
Theadora,Data Mining,w1,A1.04,Dag3,9
Touraya,Data Mining,w1,A1.04,Dag3,9
Yanick,Data Mining,w1,A1.04,Dag3,9
Andre,Data Mining,p1,A1.06,Dag3,9
Ans,Data Mining,p1,A1.06,Dag3,9
Ard,Data Mining,p1,A1.06,Dag3,9
Brigitta,Data Mining,p1,A1.06,Dag3,9
Ciske,Data Mining,p1,A1.06,Dag3,9
Deejay,Data Mining,p1,A1.06,Dag3,9
Herwin,Data Mining,p1,A1.06,Dag3,9
Jarik,Data Mining,p1,A1.06,Dag3,9
Jayme,Data Mining,p1,A1.06,Dag3,9
Jetty,Data Mining,p1,A1.06,Dag3,9
Johannus,Data Mining,p1,A1.08,Dag3,9
Kamil,Data Mining,p1,A1.08,Dag3,9
Kavish,Data Mining,p1,A1.08,Dag3,9
Kyan,Data Mining,p1,A1.08,Dag3,9
Mahmud,Data Mining,p1,A1.08,Dag3,9
Marise,Data Mining,p1,A1.08,Dag3,9
Michal,Data Mining,p1,A1.08,Dag3,9
Nordin,Data Mining,p1,A1.08,Dag3,9
Ouidad,Data Mining,p1,A1.08,Dag3,9
Remon,Data Mining,p1,A1.08,Dag3,9
Rins,Data Mining,p1,A1.10,Dag3,9
Rivelino,Data Mining,p1,A1.10,Dag3,9
Sayfeddine,Data Mining,p1,A1.10,Dag3,9
Talha,Data Mining,p1,A1.10,Dag3,9
Theadora,Data Mining,p1,A1.10,Dag3,9
Touraya,Data Mining,p1,A1.10,Dag3,9
Yanick,Data Mining,p1,A1.10,Dag3,9
Alexandra,Databases 2,h1,B0.201,Dag3,9
Andre,Databases 2,h1,B0.201,Dag3,9
Angelica,Databases 2,h1,B0.201,Dag3,9
Angus,Databases 2,h1,B0.201,Dag3,9
Anne-Jan,Databases 2,h1,B0.201,Dag3,9
Boy,Databases 2,h1,B0.201,Dag3,9
Cemil,Databases 2,h1,B0.201,Dag3,9
Chaimae,Databases 2,h1,B0.201,Dag3,9
Corry,Databases 2,h1,B0.201,Dag3,9
Daisy,Databases 2,h1,B0.201,Dag3,9
Deejay,Databases 2,h1,B0.201,Dag3,9
Desiree,Databases 2,h1,B0.201,Dag3,9
Devlin,Databases 2,h1,B0.201,Dag3,9
Edin,Databases 2,h1,B0.201,Dag3,9
Elbertha,Databases 2,h1,B0.201,Dag3,9
Elske,Databases 2,h1,B0.201,Dag3,9
Enrico,Databases 2,h1,B0.201,Dag3,9
Enya,Databases 2,h1,B0.201,Dag3,9
Erdal,Databases 2,h1,B0.201,Dag3,9
Eylem,Databases 2,h1,B0.201,Dag3,9
Faruk,Databases 2,h1,B0.201,Dag3,9
Faya,Databases 2,h1,B0.201,Dag3,9
Felien,Databases 2,h1,B0.201,Dag3,9
Filipe,Databases 2,h1,B0.201,Dag3,9
Franklin,Databases 2,h1,B0.201,Dag3,9
Harwin,Databases 2,h1,B0.201,Dag3,9
Inger,Databases 2,h1,B0.201,Dag3,9
Jo-Anne,Databases 2,h1,B0.201,Dag3,9
Jodi,Databases 2,h1,B0.201,Dag3,9
Juliette,Databases 2,h1,B0.201,Dag3,9
Karolina,Databases 2,h1,B0.201,Dag3,9
Keely,Databases 2,h1,B0.201,Dag3,9
Kelly,Databases 2,h1,B0.201,Dag3,9
Lakshmi,Databases 2,h1,B0.201,Dag3,9
Lammigje,Databases 2,h1,B0.201,Dag3,9
Lee,Databases 2,h1,B0.201,Dag3,9
Leon,Databases 2,h1,B0.201,Dag3,9
Liza,Databases 2,h1,B0.201,Dag3,9
Logan,Databases 2,h1,B0.201,Dag3,9
Lorraine,Databases 2,h1,B0.201,Dag3,9
Maggy,Databases 2,h1,B0.201,Dag3,9
Malcolm,Databases 2,h1,B0.201,Dag3,9
Marck,Databases 2,h1,B0.201,Dag3,9
Maureen,Databases 2,h1,B0.201,Dag3,9
Mellanie,Databases 2,h1,B0.201,Dag3,9
Mellisa,Databases 2,h1,B0.201,Dag3,9
Micha,Databases 2,h1,B0.201,Dag3,9
Mouna,Databases 2,h1,B0.201,Dag3,9
Nadia,Databases 2,h1,B0.201,Dag3,9
Nesrin,Databases 2,h1,B0.201,Dag3,9
Paulo,Databases 2,h1,B0.201,Dag3,9
Pearl,Databases 2,h1,B0.201,Dag3,9
Priscillia,Databases 2,h1,B0.201,Dag3,9
Sanne,Databases 2,h1,B0.201,Dag3,9
Shan,Databases 2,h1,B0.201,Dag3,9
Sharen,Databases 2,h1,B0.201,Dag3,9
Sharief,Databases 2,h1,B0.201,Dag3,9
Shawny,Databases 2,h1,B0.201,Dag3,9
Sivar,Databases 2,h1,B0.201,Dag3,9
Skye,Databases 2,h1,B0.201,Dag3,9
Sola,Databases 2,h1,B0.201,Dag3,9
Steijn,Databases 2,h1,B0.201,Dag3,9
Stephano,Databases 2,h1,B0.201,Dag3,9
Tjalle,Databases 2,h1,B0.201,Dag3,9
Vinod,Databases 2,h1,B0.201,Dag3,9
Virginie,Databases 2,h1,B0.201,Dag3,9
Wafa,Databases 2,h1,B0.201,Dag3,9
Wissal,Databases 2,h1,B0.201,Dag3,9
Wytske,Databases 2,h1,B0.201,Dag3,9
Yde,Databases 2,h1,B0.201,Dag3,9
Yuki,Databases 2,h1,B0.201,Dag3,9
Ziya,Databases 2,h1,B0.201,Dag3,9
Alexandra,Databases 2,w1,C0.110,Dag3,9
Andre,Databases 2,w1,C0.110,Dag3,9
Angelica,Databases 2,w1,C0.110,Dag3,9
Angus,Databases 2,w1,C0.110,Dag3,9
Anne-Jan,Databases 2,w1,C0.110,Dag3,9
Boy,Databases 2,w1,C0.110,Dag3,9
Cemil,Databases 2,w1,C0.110,Dag3,9
Chaimae,Databases 2,w1,C0.110,Dag3,9
Corry,Databases 2,w1,C0.110,Dag3,9
Daisy,Databases 2,w1,C0.110,Dag3,9
Deejay,Databases 2,w1,C0.110,Dag3,9
Desiree,Databases 2,w1,C0.110,Dag3,9
Devlin,Databases 2,w1,C0.110,Dag3,9
Edin,Databases 2,w1,C0.110,Dag3,9
Elbertha,Databases 2,w1,C0.110,Dag3,9
Elske,Databases 2,w1,C0.110,Dag3,9
Enrico,Databases 2,w1,C0.110,Dag3,9
Enya,Databases 2,w1,C0.110,Dag3,9
Erdal,Databases 2,w1,C0.110,Dag3,9
Eylem,Databases 2,w1,C0.110,Dag3,9
Faruk,Databases 2,w1,C0.110,Dag3,9
Faya,Databases 2,w1,C0.110,Dag3,9
Felien,Databases 2,w1,C0.110,Dag3,9
Filipe,Databases 2,w1,C0.110,Dag3,9
Franklin,Databases 2,w1,C0.110,Dag3,9
Harwin,Databases 2,w1,C0.110,Dag3,9
Inger,Databases 2,w1,C0.110,Dag3,9
Jo-Anne,Databases 2,w1,C0.110,Dag3,9
Jodi,Databases 2,w1,C0.110,Dag3,9
Juliette,Databases 2,w1,C0.110,Dag3,9
Karolina,Databases 2,w1,C0.110,Dag3,9
Keely,Databases 2,w1,C0.110,Dag3,9
Kelly,Databases 2,w1,C0.110,Dag3,9
Lakshmi,Databases 2,w1,C0.110,Dag3,9
Lammigje,Databases 2,w1,C0.110,Dag3,9
Lee,Databases 2,w1,C0.110,Dag3,9
Leon,Databases 2,w1,C0.110,Dag3,9
Liza,Databases 2,w1,C0.110,Dag3,9
Logan,Databases 2,w1,C0.110,Dag3,9
Lorraine,Databases 2,w1,C0.110,Dag3,9
Maggy,Databases 2,w1,C1.112,Dag3,9
Malcolm,Databases 2,w1,C1.112,Dag3,9
Marck,Databases 2,w1,C1.112,Dag3,9
Maureen,Databases 2,w1,C1.112,Dag3,9
Mellanie,Databases 2,w1,C1.112,Dag3,9
Mellisa,Databases 2,w1,C1.112,Dag3,9
Micha,Databases 2,w1,C1.112,Dag3,9
Mouna,Databases 2,w1,C1.112,Dag3,9
Nadia,Databases 2,w1,C1.112,Dag3,9
Nesrin,Databases 2,w1,C1.112,Dag3,9
Paulo,Databases 2,w1,C1.112,Dag3,9
Pearl,Databases 2,w1,C1.112,Dag3,9
Priscillia,Databases 2,w1,C1.112,Dag3,9
Sanne,Databases 2,w1,C1.112,Dag3,9
Shan,Databases 2,w1,C1.112,Dag3,9
Sharen,Databases 2,w1,C1.112,Dag3,9
Sharief,Databases 2,w1,C1.112,Dag3,9
Shawny,Databases 2,w1,C1.112,Dag3,9
Sivar,Databases 2,w1,C1.112,Dag3,9
Skye,Databases 2,w1,C1.112,Dag3,9
Sola,Databases 2,w1,C1.112,Dag3,9
Steijn,Databases 2,w1,C1.112,Dag3,9
Stephano,Databases 2,w1,C1.112,Dag3,9
Tjalle,Databases 2,w1,C1.112,Dag3,9
Vinod,Databases 2,w1,C1.112,Dag3,9
Virginie,Databases 2,w1,C1.112,Dag3,9
Wafa,Databases 2,w1,C1.112,Dag3,9
Wissal,Databases 2,w1,C1.112,Dag3,9
Wytske,Databases 2,w1,C1.112,Dag3,9
Yde,Databases 2,w1,C1.112,Dag3,9
Yuki,Databases 2,w1,C1.112,Dag3,9
Ziya,Databases 2,w1,C1.112,Dag3,9
Abdallah,Heuristieken 1,h1,A1.04,Dag3,11
Andre,Heuristieken 1,h1,A1.04,Dag3,11
Aya,Heuristieken 1,h1,A1.04,Dag3,11
Belle,Heuristieken 1,h1,A1.04,Dag3,11
Cherilyn,Heuristieken 1,h1,A1.04,Dag3,11
Cleo,Heuristieken 1,h1,A1.04,Dag3,11
Cyrano,Heuristieken 1,h1,A1.04,Dag3,11
Dineke,Heuristieken 1,h1,A1.04,Dag3,11
Elske,Heuristieken 1,h1,A1.04,Dag3,11
Emme,Heuristieken 1,h1,A1.04,Dag3,11
Emrah,Heuristieken 1,h1,A1.04,Dag3,11
Geartsje,Heuristieken 1,h1,A1.04,Dag3,11
Georgia,Heuristieken 1,h1,A1.04,Dag3,11
Geurt,Heuristieken 1,h1,A1.04,Dag3,11
Harke,Heuristieken 1,h1,A1.04,Dag3,11
Hetty,Heuristieken 1,h1,A1.04,Dag3,11
Hui,Heuristieken 1,h1,A1.04,Dag3,11
Imran,Heuristieken 1,h1,A1.04,Dag3,11
Jarik,Heuristieken 1,h1,A1.04,Dag3,11
Jo-Anne,Heuristieken 1,h1,A1.04,Dag3,11
Juno,Heuristieken 1,h1,A1.04,Dag3,11
Karim,Heuristieken 1,h1,A1.04,Dag3,11
Kavish,Heuristieken 1,h1,A1.04,Dag3,11
Keely,Heuristieken 1,h1,A1.04,Dag3,11
Kyan,Heuristieken 1,h1,A1.04,Dag3,11
Maan,Heuristieken 1,h1,A1.04,Dag3,11
Machteld,Heuristieken 1,h1,A1.04,Dag3,11
Marcellus,Heuristieken 1,h1,A1.04,Dag3,11
Mathyn,Heuristieken 1,h1,A1.04,Dag3,11
Mattie,Heuristieken 1,h1,A1.04,Dag3,11
Michel,Heuristieken 1,h1,A1.04,Dag3,11
Noa,Heuristieken 1,h1,A1.04,Dag3,11
Nuriye,Heuristieken 1,h1,A1.04,Dag3,11
Pleun,Heuristieken 1,h1,A1.04,Dag3,11
Sahar,Heuristieken 1,h1,A1.04,Dag3,11
Sarena,Heuristieken 1,h1,A1.04,Dag3,11
Shaya,Heuristieken 1,h1,A1.04,Dag3,11
Tea,Heuristieken 1,h1,A1.04,Dag3,11
Timo,Heuristieken 1,h1,A1.04,Dag3,11
Tjesse,Heuristieken 1,h1,A1.04,Dag3,11
Vivianne,Heuristieken 1,h1,A1.04,Dag3,11
Ytje,Heuristieken 1,h1,A1.04,Dag3,11
Zhen,Heuristieken 1,h1,A1.04,Dag3,11
Abdallah,Heuristieken 1,w1,A1.06,Dag3,11
Andre,Heuristieken 1,w1,A1.06,Dag3,11
Aya,Heuristieken 1,w1,A1.06,Dag3,11
Belle,Heuristieken 1,w1,A1.06,Dag3,11
Cherilyn,Heuristieken 1,w1,A1.06,Dag3,11
Cleo,Heuristieken 1,w1,A1.06,Dag3,11
Cyrano,Heuristieken 1,w1,A1.06,Dag3,11
Dineke,Heuristieken 1,w1,A1.06,Dag3,11
Elske,Heuristieken 1,w1,A1.06,Dag3,11
Emme,Heuristieken 1,w1,A1.06,Dag3,11
Emrah,Heuristieken 1,w1,A1.06,Dag3,11
Geartsje,Heuristieken 1,w1,A1.06,Dag3,11
Georgia,Heuristieken 1,w1,A1.06,Dag3,11
Geurt,Heuristieken 1,w1,A1.06,Dag3,11
Harke,Heuristieken 1,w1,A1.06,Dag3,11
Hetty,Heuristieken 1,w1,A1.06,Dag3,11
Hui,Heuristieken 1,w1,A1.06,Dag3,11
Imran,Heuristieken 1,w1,A1.06,Dag3,11
Jarik,Heuristieken 1,w1,A1.06,Dag3,11
Jo-Anne,Heuristieken 1,w1,A1.06,Dag3,11
Juno,Heuristieken 1,w1,A1.06,Dag3,11
Karim,Heuristieken 1,w1,A1.06,Dag3,11
Kavish,Heuristieken 1,w1,A1.06,Dag3,11
Keely,Heuristieken 1,w1,A1.06,Dag3,11
Kyan,Heuristieken 1,w1,A1.06,Dag3,11
Maan,Heuristieken 1,w1,A1.08,Dag3,11
Machteld,Heuristieken 1,w1,A1.08,Dag3,11
Marcellus,Heuristieken 1,w1,A1.08,Dag3,11
Mathyn,Heuristieken 1,w1,A1.08,Dag3,11
Mattie,Heuristieken 1,w1,A1.08,Dag3,11
Michel,Heuristieken 1,w1,A1.08,Dag3,11
Noa,Heuristieken 1,w1,A1.08,Dag3,11
Nuriye,Heuristieken 1,w1,A1.08,Dag3,11
Pleun,Heuristieken 1,w1,A1.08,Dag3,11
Sahar,Heuristieken 1,w1,A1.08,Dag3,11
Sarena,Heuristieken 1,w1,A1.08,Dag3,11
Shaya,Heuristieken 1,w1,A1.08,Dag3,11
Tea,Heuristieken 1,w1,A1.08,Dag3,11
Timo,Heuristieken 1,w1,A1.08,Dag3,11
Tjesse,Heuristieken 1,w1,A1.08,Dag3,11
Vivianne,Heuristieken 1,w1,A1.08,Dag3,11
Ytje,Heuristieken 1,w1,A1.08,Dag3,11
Zhen,Heuristieken 1,w1,A1.08,Dag3,11
Adil,Heuristieken 2,h1,A1.10,Dag3,11
Allan,Heuristieken 2,h1,A1.10,Dag3,11
Amelie,Heuristieken 2,h1,A1.10,Dag3,11
Bert,Heuristieken 2,h1,A1.10,Dag3,11
Bobby,Heuristieken 2,h1,A1.10,Dag3,11
Boy,Heuristieken 2,h1,A1.10,Dag3,11
Chelly,Heuristieken 2,h1,A1.10,Dag3,11
Danique,Heuristieken 2,h1,A1.10,Dag3,11
Deejay,Heuristieken 2,h1,A1.10,Dag3,11
Felien,Heuristieken 2,h1,A1.10,Dag3,11
George,Heuristieken 2,h1,A1.10,Dag3,11
Georgia,Heuristieken 2,h1,A1.10,Dag3,11
Hazel,Heuristieken 2,h1,A1.10,Dag3,11
Herman,Heuristieken 2,h1,A1.10,Dag3,11
Jaiden,Heuristieken 2,h1,A1.10,Dag3,11
Jarik,Heuristieken 2,h1,A1.10,Dag3,11
Johannus,Heuristieken 2,h1,A1.10,Dag3,11
Josef,Heuristieken 2,h1,A1.10,Dag3,11
Laurentia,Heuristieken 2,h1,A1.10,Dag3,11
Le,Heuristieken 2,h1,A1.10,Dag3,11
Liza,Heuristieken 2,h1,A1.10,Dag3,11
Maritte,Heuristieken 2,h1,A1.10,Dag3,11
Mathyn,Heuristieken 2,h1,A1.10,Dag3,11
Mink,Heuristieken 2,h1,A1.10,Dag3,11
Oliver,Heuristieken 2,h1,A1.10,Dag3,11
Romaisa,Heuristieken 2,h1,A1.10,Dag3,11
Romy,Heuristieken 2,h1,A1.10,Dag3,11
Seyit,Heuristieken 2,h1,A1.10,Dag3,11
Vincentius,Heuristieken 2,h1,A1.10,Dag3,11
Yi,Heuristieken 2,h1,A1.10,Dag3,11
Ynte,Heuristieken 2,h1,A1.10,Dag3,11
Ziggy,Heuristieken 2,h1,A1.10,Dag3,11
Adil,Heuristieken 2,w1,B0.201,Dag3,11
Allan,Heuristieken 2,w1,B0.201,Dag3,11
Amelie,Heuristieken 2,w1,B0.201,Dag3,11
Bert,Heuristieken 2,w1,B0.201,Dag3,11
Bobby,Heuristieken 2,w1,B0.201,Dag3,11
Boy,Heuristieken 2,w1,B0.201,Dag3,11
Chelly,Heuristieken 2,w1,B0.201,Dag3,11
Danique,Heuristieken 2,w1,B0.201,Dag3,11
Deejay,Heuristieken 2,w1,B0.201,Dag3,11
Felien,Heuristieken 2,w1,B0.201,Dag3,11
George,Heuristieken 2,w1,B0.201,Dag3,11
Georgia,Heuristieken 2,w1,B0.201,Dag3,11
Hazel,Heuristieken 2,w1,B0.201,Dag3,11
Herman,Heuristieken 2,w1,B0.201,Dag3,11
Jaiden,Heuristieken 2,w1,B0.201,Dag3,11
Jarik,Heuristieken 2,w1,B0.201,Dag3,11
Johannus,Heuristieken 2,w1,B0.201,Dag3,11
Josef,Heuristieken 2,w1,B0.201,Dag3,11
Laurentia,Heuristieken 2,w1,B0.201,Dag3,11
Le,Heuristieken 2,w1,B0.201,Dag3,11
Liza,Heuristieken 2,w1,C0.110,Dag3,11
Maritte,Heuristieken 2,w1,C0.110,Dag3,11
Mathyn,Heuristieken 2,w1,C0.110,Dag3,11
Mink,Heuristieken 2,w1,C0.110,Dag3,11
Oliver,Heuristieken 2,w1,C0.110,Dag3,11
Romaisa,Heuristieken 2,w1,C0.110,Dag3,11
Romy,Heuristieken 2,w1,C0.110,Dag3,11
Seyit,Heuristieken 2,w1,C0.110,Dag3,11
Vincentius,Heuristieken 2,w1,C0.110,Dag3,11
Yi,Heuristieken 2,w1,C0.110,Dag3,11
Ynte,Heuristieken 2,w1,C0.110,Dag3,11
Ziggy,Heuristieken 2,w1,C0.110,Dag3,11
Abdel,Informatie- en organisatieontwerp,h1,C1.112,Dag3,11
Agelo,Informatie- en organisatieontwerp,h1,C1.112,Dag3,11
Aya,Informatie- en organisatieontwerp,h1,C1.112,Dag3,11
Devlin,Informatie- en organisatieontwerp,h1,C1.112,Dag3,11
Doede,Informatie- en organisatieontwerp,h1,C1.112,Dag3,11
Emrah,Informatie- en organisatieontwerp,h1,C1.112,Dag3,11
Enrique,Informatie- en organisatieontwerp,h1,C1.112,Dag3,11
Everhard,Informatie- en organisatieontwerp,h1,C1.112,Dag3,11
Eylem,Informatie- en organisatieontwerp,h1,C1.112,Dag3,11
Gerritjan,Informatie- en organisatieontwerp,h1,C1.112,Dag3,11
Gidon,Informatie- en organisatieontwerp,h1,C1.112,Dag3,11
Jetty,Informatie- en organisatieontwerp,h1,C1.112,Dag3,11
Monika,Informatie- en organisatieontwerp,h1,C1.112,Dag3,11
Noa,Informatie- en organisatieontwerp,h1,C1.112,Dag3,11
Oumaima,Informatie- en organisatieontwerp,h1,C1.112,Dag3,11
Rika,Informatie- en organisatieontwerp,h1,C1.112,Dag3,11
Rins,Informatie- en organisatieontwerp,h1,C1.112,Dag3,11
Thys,Informatie- en organisatieontwerp,h1,C1.112,Dag3,11
Tjesse,Informatie- en organisatieontwerp,h1,C1.112,Dag3,11
Ylse,Informatie- en organisatieontwerp,h1,C1.112,Dag3,11
Yun,Informatie- en organisatieontwerp,h1,C1.112,Dag3,11
Abdel,Informatie- en organisatieontwerp,h2,A1.04,Dag3,13
Agelo,Informatie- en organisatieontwerp,h2,A1.04,Dag3,13
Aya,Informatie- en organisatieontwerp,h2,A1.04,Dag3,13
Devlin,Informatie- en organisatieontwerp,h2,A1.04,Dag3,13
Doede,Informatie- en organisatieontwerp,h2,A1.04,Dag3,13
Emrah,Informatie- en organisatieontwerp,h2,A1.04,Dag3,13
Enrique,Informatie- en organisatieontwerp,h2,A1.04,Dag3,13
Everhard,Informatie- en organisatieontwerp,h2,A1.04,Dag3,13
Eylem,Informatie- en organisatieontwerp,h2,A1.04,Dag3,13
Gerritjan,Informatie- en organisatieontwerp,h2,A1.04,Dag3,13
Gidon,Informatie- en organisatieontwerp,h2,A1.04,Dag3,13
Jetty,Informatie- en organisatieontwerp,h2,A1.04,Dag3,13
Monika,Informatie- en organisatieontwerp,h2,A1.04,Dag3,13
Noa,Informatie- en organisatieontwerp,h2,A1.04,Dag3,13
Oumaima,Informatie- en organisatieontwerp,h2,A1.04,Dag3,13
Rika,Informatie- en organisatieontwerp,h2,A1.04,Dag3,13
Rins,Informatie- en organisatieontwerp,h2,A1.04,Dag3,13
Thys,Informatie- en organisatieontwerp,h2,A1.04,Dag3,13
Tjesse,Informatie- en organisatieontwerp,h2,A1.04,Dag3,13
Ylse,Informatie- en organisatieontwerp,h2,A1.04,Dag3,13
Yun,Informatie- en organisatieontwerp,h2,A1.04,Dag3,13
Abdel,Informatie- en organisatieontwerp,w1,A1.06,Dag3,13
Agelo,Informatie- en organisatieontwerp,w1,A1.06,Dag3,13
Aya,Informatie- en organisatieontwerp,w1,A1.06,Dag3,13
Devlin,Informatie- en organisatieontwerp,w1,A1.06,Dag3,13
Doede,Informatie- en organisatieontwerp,w1,A1.06,Dag3,13
Emrah,Informatie- en organisatieontwerp,w1,A1.06,Dag3,13
Enrique,Informatie- en organisatieontwerp,w1,A1.06,Dag3,13
Everhard,Informatie- en organisatieontwerp,w1,A1.06,Dag3,13
Eylem,Informatie- en organisatieontwerp,w1,A1.06,Dag3,13
Gerritjan,Informatie- en organisatieontwerp,w1,A1.06,Dag3,13
Gidon,Informatie- en organisatieontwerp,w1,A1.06,Dag3,13
Jetty,Informatie- en organisatieontwerp,w1,A1.06,Dag3,13
Monika,Informatie- en organisatieontwerp,w1,A1.06,Dag3,13
Noa,Informatie- en organisatieontwerp,w1,A1.06,Dag3,13
Oumaima,Informatie- en organisatieontwerp,w1,A1.06,Dag3,13
Rika,Informatie- en organisatieontwerp,w1,A1.08,Dag3,13
Rins,Informatie- en organisatieontwerp,w1,A1.08,Dag3,13
Thys,Informatie- en organisatieontwerp,w1,A1.08,Dag3,13
Tjesse,Informatie- en organisatieontwerp,w1,A1.08,Dag3,13
Ylse,Informatie- en organisatieontwerp,w1,A1.08,Dag3,13
Yun,Informatie- en organisatieontwerp,w1,A1.08,Dag3,13
Abdel,Informatie- en organisatieontwerp,p1,A1.10,Dag3,13
Agelo,Informatie- en organisatieontwerp,p1,A1.10,Dag3,13
Aya,Informatie- en organisatieontwerp,p1,A1.10,Dag3,13
Devlin,Informatie- en organisatieontwerp,p1,A1.10,Dag3,13
Doede,Informatie- en organisatieontwerp,p1,A1.10,Dag3,13
Emrah,Informatie- en organisatieontwerp,p1,A1.10,Dag3,13
Enrique,Informatie- en organisatieontwerp,p1,A1.10,Dag3,13
Everhard,Informatie- en organisatieontwerp,p1,A1.10,Dag3,13
Eylem,Informatie- en organisatieontwerp,p1,A1.10,Dag3,13
Gerritjan,Informatie- en organisatieontwerp,p1,A1.10,Dag3,13
Gidon,Informatie- en organisatieontwerp,p1,A1.10,Dag3,13
Jetty,Informatie- en organisatieontwerp,p1,A1.10,Dag3,13
Monika,Informatie- en organisatieontwerp,p1,A1.10,Dag3,13
Noa,Informatie- en organisatieontwerp,p1,A1.10,Dag3,13
Oumaima,Informatie- en organisatieontwerp,p1,A1.10,Dag3,13
Rika,Informatie- en organisatieontwerp,p1,B0.201,Dag3,13
Rins,Informatie- en organisatieontwerp,p1,B0.201,Dag3,13
Thys,Informatie- en organisatieontwerp,p1,B0.201,Dag3,13
Tjesse,Informatie- en organisatieontwerp,p1,B0.201,Dag3,13
Ylse,Informatie- en organisatieontwerp,p1,B0.201,Dag3,13
Yun,Informatie- en organisatieontwerp,p1,B0.201,Dag3,13
Amadou,Interactie-ontwerp,h1,C0.110,Dag3,13
Anthonius,Interactie-ontwerp,h1,C0.110,Dag3,13
Berit,Interactie-ontwerp,h1,C0.110,Dag3,13
Buck,Interactie-ontwerp,h1,C0.110,Dag3,13
Carmela,Interactie-ontwerp,h1,C0.110,Dag3,13
Devon,Interactie-ontwerp,h1,C0.110,Dag3,13
Fynn,Interactie-ontwerp,h1,C0.110,Dag3,13
Hedwich,Interactie-ontwerp,h1,C0.110,Dag3,13
Jacky,Interactie-ontwerp,h1,C0.110,Dag3,13
Jarik,Interactie-ontwerp,h1,C0.110,Dag3,13
Jersey,Interactie-ontwerp,h1,C0.110,Dag3,13
Kathryn,Interactie-ontwerp,h1,C0.110,Dag3,13
Laurent,Interactie-ontwerp,h1,C0.110,Dag3,13
Maggy,Interactie-ontwerp,h1,C0.110,Dag3,13
Malte,Interactie-ontwerp,h1,C0.110,Dag3,13
Maran,Interactie-ontwerp,h1,C0.110,Dag3,13
Marrit,Interactie-ontwerp,h1,C0.110,Dag3,13
Mattijs,Interactie-ontwerp,h1,C0.110,Dag3,13
Nanet,Interactie-ontwerp,h1,C0.110,Dag3,13
Quido,Interactie-ontwerp,h1,C0.110,Dag3,13
Rijkje,Interactie-ontwerp,h1,C0.110,Dag3,13
Sergio,Interactie-ontwerp,h1,C0.110,Dag3,13
Vincentius,Interactie-ontwerp,h1,C0.110,Dag3,13
Xiao,Interactie-ontwerp,h1,C0.110,Dag3,13
Yee,Interactie-ontwerp,h1,C0.110,Dag3,13
Amadou,Interactie-ontwerp,h2,C1.112,Dag3,13
Anthonius,Interactie-ontwerp,h2,C1.112,Dag3,13
Berit,Interactie-ontwerp,h2,C1.112,Dag3,13
Buck,Interactie-ontwerp,h2,C1.112,Dag3,13
Carmela,Interactie-ontwerp,h2,C1.112,Dag3,13
Devon,Interactie-ontwerp,h2,C1.112,Dag3,13
Fynn,Interactie-ontwerp,h2,C1.112,Dag3,13
Hedwich,Interactie-ontwerp,h2,C1.112,Dag3,13
Jacky,Interactie-ontwerp,h2,C1.112,Dag3,13
Jarik,Interactie-ontwerp,h2,C1.112,Dag3,13
Jersey,Interactie-ontwerp,h2,C1.112,Dag3,13
Kathryn,Interactie-ontwerp,h2,C1.112,Dag3,13
Laurent,Interactie-ontwerp,h2,C1.112,Dag3,13
Maggy,Interactie-ontwerp,h2,C1.112,Dag3,13
Malte,Interactie-ontwerp,h2,C1.112,Dag3,13
Maran,Interactie-ontwerp,h2,C1.112,Dag3,13
Marrit,Interactie-ontwerp,h2,C1.112,Dag3,13
Mattijs,Interactie-ontwerp,h2,C1.112,Dag3,13
Nanet,Interactie-ontwerp,h2,C1.112,Dag3,13
Quido,Interactie-ontwerp,h2,C1.112,Dag3,13
Rijkje,Interactie-ontwerp,h2,C1.112,Dag3,13
Sergio,Interactie-ontwerp,h2,C1.112,Dag3,13
Vincentius,Interactie-ontwerp,h2,C1.112,Dag3,13
Xiao,Interactie-ontwerp,h2,C1.112,Dag3,13
Yee,Interactie-ontwerp,h2,C1.112,Dag3,13
Amadou,Kansrekenen 2,h1,A1.04,Dag3,15
Amos,Kansrekenen 2,h1,A1.04,Dag3,15
Angle,Kansrekenen 2,h1,A1.04,Dag3,15
Berdina,Kansrekenen 2,h1,A1.04,Dag3,15
Borre,Kansrekenen 2,h1,A1.04,Dag3,15
Btissam,Kansrekenen 2,h1,A1.04,Dag3,15
Cherilyn,Kansrekenen 2,h1,A1.04,Dag3,15
Chrystel,Kansrekenen 2,h1,A1.04,Dag3,15
Cyrano,Kansrekenen 2,h1,A1.04,Dag3,15
Darian,Kansrekenen 2,h1,A1.04,Dag3,15
Deacon,Kansrekenen 2,h1,A1.04,Dag3,15
Dinah,Kansrekenen 2,h1,A1.04,Dag3,15
Djamilla,Kansrekenen 2,h1,A1.04,Dag3,15
Doetje,Kansrekenen 2,h1,A1.04,Dag3,15
Donna,Kansrekenen 2,h1,A1.04,Dag3,15
Dorenda,Kansrekenen 2,h1,A1.04,Dag3,15
Elbertus,Kansrekenen 2,h1,A1.04,Dag3,15
Emil,Kansrekenen 2,h1,A1.04,Dag3,15
Esme,Kansrekenen 2,h1,A1.04,Dag3,15
Esperanza,Kansrekenen 2,h1,A1.04,Dag3,15
Ethan,Kansrekenen 2,h1,A1.04,Dag3,15
Evelina,Kansrekenen 2,h1,A1.04,Dag3,15
Evelyn,Kansrekenen 2,h1,A1.04,Dag3,15
Eylem,Kansrekenen 2,h1,A1.04,Dag3,15
Fransiscus,Kansrekenen 2,h1,A1.04,Dag3,15
Geerten,Kansrekenen 2,h1,A1.04,Dag3,15
Giedo,Kansrekenen 2,h1,A1.04,Dag3,15
Graciella,Kansrekenen 2,h1,A1.04,Dag3,15
Jackson,Kansrekenen 2,h1,A1.04,Dag3,15
Jennie,Kansrekenen 2,h1,A1.04,Dag3,15
Jeremey,Kansrekenen 2,h1,A1.04,Dag3,15
Jo-Anne,Kansrekenen 2,h1,A1.04,Dag3,15
Jonas,Kansrekenen 2,h1,A1.04,Dag3,15
Jort,Kansrekenen 2,h1,A1.04,Dag3,15
Juliet,Kansrekenen 2,h1,A1.04,Dag3,15
Kamil,Kansrekenen 2,h1,A1.04,Dag3,15
Kaoutar,Kansrekenen 2,h1,A1.04,Dag3,15
Karam,Kansrekenen 2,h1,A1.04,Dag3,15
Lamia,Kansrekenen 2,h1,A1.04,Dag3,15
Le,Kansrekenen 2,h1,A1.04,Dag3,15
Levien,Kansrekenen 2,h1,A1.04,Dag3,15
Linne,Kansrekenen 2,h1,A1.04,Dag3,15
Luca,Kansrekenen 2,h1,A1.04,Dag3,15
Ludovicus,Kansrekenen 2,h1,A1.04,Dag3,15
Maan,Kansrekenen 2,h1,A1.04,Dag3,15
Marrit,Kansrekenen 2,h1,A1.04,Dag3,15
Matthijs,Kansrekenen 2,h1,A1.04,Dag3,15
Mattie,Kansrekenen 2,h1,A1.04,Dag3,15
Meta,Kansrekenen 2,h1,A1.04,Dag3,15
Monika,Kansrekenen 2,h1,A1.04,Dag3,15
Naciye,Kansrekenen 2,h1,A1.04,Dag3,15
Nadeem,Kansrekenen 2,h1,A1.04,Dag3,15
Ngoc,Kansrekenen 2,h1,A1.04,Dag3,15
Nyncke,Kansrekenen 2,h1,A1.04,Dag3,15
Paulette,Kansrekenen 2,h1,A1.04,Dag3,15
Pim,Kansrekenen 2,h1,A1.04,Dag3,15
Rahim,Kansrekenen 2,h1,A1.04,Dag3,15
Rayen,Kansrekenen 2,h1,A1.04,Dag3,15
Renco,Kansrekenen 2,h1,A1.04,Dag3,15
Renze,Kansrekenen 2,h1,A1.04,Dag3,15
Rika,Kansrekenen 2,h1,A1.04,Dag3,15
Rino,Kansrekenen 2,h1,A1.04,Dag3,15
Rochelle,Kansrekenen 2,h1,A1.04,Dag3,15
Romaisa,Kansrekenen 2,h1,A1.04,Dag3,15
Saba,Kansrekenen 2,h1,A1.04,Dag3,15
Said,Kansrekenen 2,h1,A1.04,Dag3,15
Samah,Kansrekenen 2,h1,A1.04,Dag3,15
Samentha,Kansrekenen 2,h1,A1.04,Dag3,15
Sarena,Kansrekenen 2,h1,A1.04,Dag3,15
Sayfeddine,Kansrekenen 2,h1,A1.04,Dag3,15
Shannon,Kansrekenen 2,h1,A1.04,Dag3,15
Sharen,Kansrekenen 2,h1,A1.04,Dag3,15
Shauny,Kansrekenen 2,h1,A1.04,Dag3,15
Skye,Kansrekenen 2,h1,A1.04,Dag3,15
Tamar,Kansrekenen 2,h1,A1.04,Dag3,15
Timo,Kansrekenen 2,h1,A1.04,Dag3,15
Tom,Kansrekenen 2,h1,A1.04,Dag3,15
Valery,Kansrekenen 2,h1,A1.04,Dag3,15
Wafa,Kansrekenen 2,h1,A1.04,Dag3,15
Walther,Kansrekenen 2,h1,A1.04,Dag3,15
Wytse,Kansrekenen 2,h1,A1.04,Dag3,15
Yde,Kansrekenen 2,h1,A1.04,Dag3,15
Yi,Kansrekenen 2,h1,A1.04,Dag3,15
Zahir,Kansrekenen 2,h1,A1.04,Dag3,15
Amadou,Kansrekenen 2,h2,A1.06,Dag3,15
Amos,Kansrekenen 2,h2,A1.06,Dag3,15
Angle,Kansrekenen 2,h2,A1.06,Dag3,15
Berdina,Kansrekenen 2,h2,A1.06,Dag3,15
Borre,Kansrekenen 2,h2,A1.06,Dag3,15
Btissam,Kansrekenen 2,h2,A1.06,Dag3,15
Cherilyn,Kansrekenen 2,h2,A1.06,Dag3,15
Chrystel,Kansrekenen 2,h2,A1.06,Dag3,15
Cyrano,Kansrekenen 2,h2,A1.06,Dag3,15
Darian,Kansrekenen 2,h2,A1.06,Dag3,15
Deacon,Kansrekenen 2,h2,A1.06,Dag3,15
Dinah,Kansrekenen 2,h2,A1.06,Dag3,15
Djamilla,Kansrekenen 2,h2,A1.06,Dag3,15
Doetje,Kansrekenen 2,h2,A1.06,Dag3,15
Donna,Kansrekenen 2,h2,A1.06,Dag3,15
Dorenda,Kansrekenen 2,h2,A1.06,Dag3,15
Elbertus,Kansrekenen 2,h2,A1.06,Dag3,15
Emil,Kansrekenen 2,h2,A1.06,Dag3,15
Esme,Kansrekenen 2,h2,A1.06,Dag3,15
Esperanza,Kansrekenen 2,h2,A1.06,Dag3,15
Ethan,Kansrekenen 2,h2,A1.06,Dag3,15
Evelina,Kansrekenen 2,h2,A1.06,Dag3,15
Evelyn,Kansrekenen 2,h2,A1.06,Dag3,15
Eylem,Kansrekenen 2,h2,A1.06,Dag3,15
Fransiscus,Kansrekenen 2,h2,A1.06,Dag3,15
Geerten,Kansrekenen 2,h2,A1.06,Dag3,15
Giedo,Kansrekenen 2,h2,A1.06,Dag3,15
Graciella,Kansrekenen 2,h2,A1.06,Dag3,15
Jackson,Kansrekenen 2,h2,A1.06,Dag3,15
Jennie,Kansrekenen 2,h2,A1.06,Dag3,15
Jeremey,Kansrekenen 2,h2,A1.06,Dag3,15
Jo-Anne,Kansrekenen 2,h2,A1.06,Dag3,15
Jonas,Kansrekenen 2,h2,A1.06,Dag3,15
Jort,Kansrekenen 2,h2,A1.06,Dag3,15
Juliet,Kansrekenen 2,h2,A1.06,Dag3,15
Kamil,Kansrekenen 2,h2,A1.06,Dag3,15
Kaoutar,Kansrekenen 2,h2,A1.06,Dag3,15
Karam,Kansrekenen 2,h2,A1.06,Dag3,15
Lamia,Kansrekenen 2,h2,A1.06,Dag3,15
Le,Kansrekenen 2,h2,A1.06,Dag3,15
Levien,Kansrekenen 2,h2,A1.06,Dag3,15
Linne,Kansrekenen 2,h2,A1.06,Dag3,15
Luca,Kansrekenen 2,h2,A1.06,Dag3,15
Ludovicus,Kansrekenen 2,h2,A1.06,Dag3,15
Maan,Kansrekenen 2,h2,A1.06,Dag3,15
Marrit,Kansrekenen 2,h2,A1.06,Dag3,15
Matthijs,Kansrekenen 2,h2,A1.06,Dag3,15
Mattie,Kansrekenen 2,h2,A1.06,Dag3,15
Meta,Kansrekenen 2,h2,A1.06,Dag3,15
Monika,Kansrekenen 2,h2,A1.06,Dag3,15
Naciye,Kansrekenen 2,h2,A1.06,Dag3,15
Nadeem,Kansrekenen 2,h2,A1.06,Dag3,15
Ngoc,Kansrekenen 2,h2,A1.06,Dag3,15
Nyncke,Kansrekenen 2,h2,A1.06,Dag3,15
Paulette,Kansrekenen 2,h2,A1.06,Dag3,15
Pim,Kansrekenen 2,h2,A1.06,Dag3,15
Rahim,Kansrekenen 2,h2,A1.06,Dag3,15
Rayen,Kansrekenen 2,h2,A1.06,Dag3,15
Renco,Kansrekenen 2,h2,A1.06,Dag3,15
Renze,Kansrekenen 2,h2,A1.06,Dag3,15
Rika,Kansrekenen 2,h2,A1.06,Dag3,15
Rino,Kansrekenen 2,h2,A1.06,Dag3,15
Rochelle,Kansrekenen 2,h2,A1.06,Dag3,15
Romaisa,Kansrekenen 2,h2,A1.06,Dag3,15
Saba,Kansrekenen 2,h2,A1.06,Dag3,15
Said,Kansrekenen 2,h2,A1.06,Dag3,15
Samah,Kansrekenen 2,h2,A1.06,Dag3,15
Samentha,Kansrekenen 2,h2,A1.06,Dag3,15
Sarena,Kansrekenen 2,h2,A1.06,Dag3,15
Sayfeddine,Kansrekenen 2,h2,A1.06,Dag3,15
Shannon,Kansrekenen 2,h2,A1.06,Dag3,15
Sharen,Kansrekenen 2,h2,A1.06,Dag3,15
Shauny,Kansrekenen 2,h2,A1.06,Dag3,15
Skye,Kansrekenen 2,h2,A1.06,Dag3,15
Tamar,Kansrekenen 2,h2,A1.06,Dag3,15
Timo,Kansrekenen 2,h2,A1.06,Dag3,15
Tom,Kansrekenen 2,h2,A1.06,Dag3,15
Valery,Kansrekenen 2,h2,A1.06,Dag3,15
Wafa,Kansrekenen 2,h2,A1.06,Dag3,15
Walther,Kansrekenen 2,h2,A1.06,Dag3,15
Wytse,Kansrekenen 2,h2,A1.06,Dag3,15
Yde,Kansrekenen 2,h2,A1.06,Dag3,15
Yi,Kansrekenen 2,h2,A1.06,Dag3,15
Zahir,Kansrekenen 2,h2,A1.06,Dag3,15
Abdelkader,Lineaire Algebra,h1,A1.08,Dag3,15
Alexandre,Lineaire Algebra,h1,A1.08,Dag3,15
Bo,Lineaire Algebra,h1,A1.08,Dag3,15
Boy,Lineaire Algebra,h1,A1.08,Dag3,15
Catherine,Lineaire Algebra,h1,A1.08,Dag3,15
Chaimae,Lineaire Algebra,h1,A1.08,Dag3,15
Cherissa,Lineaire Algebra,h1,A1.08,Dag3,15
Cheyenna,Lineaire Algebra,h1,A1.08,Dag3,15
Chloe,Lineaire Algebra,h1,A1.08,Dag3,15
Christiaan,Lineaire Algebra,h1,A1.08,Dag3,15
Chrystel,Lineaire Algebra,h1,A1.08,Dag3,15
Cyrano,Lineaire Algebra,h1,A1.08,Dag3,15
Daisy,Lineaire Algebra,h1,A1.08,Dag3,15
Danique,Lineaire Algebra,h1,A1.08,Dag3,15
Demelza,Lineaire Algebra,h1,A1.08,Dag3,15
Dorenda,Lineaire Algebra,h1,A1.08,Dag3,15
El,Lineaire Algebra,h1,A1.08,Dag3,15
Enes,Lineaire Algebra,h1,A1.08,Dag3,15
Geurt,Lineaire Algebra,h1,A1.08,Dag3,15
Ilana,Lineaire Algebra,h1,A1.08,Dag3,15
Jackson,Lineaire Algebra,h1,A1.08,Dag3,15
Juliette,Lineaire Algebra,h1,A1.08,Dag3,15
Malcolm,Lineaire Algebra,h1,A1.08,Dag3,15
Marilene,Lineaire Algebra,h1,A1.08,Dag3,15
Maritha,Lineaire Algebra,h1,A1.08,Dag3,15
Marssae,Lineaire Algebra,h1,A1.08,Dag3,15
Mattijs,Lineaire Algebra,h1,A1.08,Dag3,15
Meta,Lineaire Algebra,h1,A1.08,Dag3,15
Naciye,Lineaire Algebra,h1,A1.08,Dag3,15
Nikie,Lineaire Algebra,h1,A1.08,Dag3,15
Quido,Lineaire Algebra,h1,A1.08,Dag3,15
Rein,Lineaire Algebra,h1,A1.08,Dag3,15
Roan,Lineaire Algebra,h1,A1.08,Dag3,15
Sahar,Lineaire Algebra,h1,A1.08,Dag3,15
Sanna,Lineaire Algebra,h1,A1.08,Dag3,15
Sarena,Lineaire Algebra,h1,A1.08,Dag3,15
Sayfeddine,Lineaire Algebra,h1,A1.08,Dag3,15
Sharan,Lineaire Algebra,h1,A1.08,Dag3,15
Shawny,Lineaire Algebra,h1,A1.08,Dag3,15
Sohrab,Lineaire Algebra,h1,A1.08,Dag3,15
Stein,Lineaire Algebra,h1,A1.08,Dag3,15
Tarah,Lineaire Algebra,h1,A1.08,Dag3,15
Tarik,Lineaire Algebra,h1,A1.08,Dag3,15
Thyrza,Lineaire Algebra,h1,A1.08,Dag3,15
Tjalle,Lineaire Algebra,h1,A1.08,Dag3,15
Tom,Lineaire Algebra,h1,A1.08,Dag3,15
Virginie,Lineaire Algebra,h1,A1.08,Dag3,15
Wichard,Lineaire Algebra,h1,A1.08,Dag3,15
Wieke,Lineaire Algebra,h1,A1.08,Dag3,15
Xanne,Lineaire Algebra,h1,A1.08,Dag3,15
Xiao,Lineaire Algebra,h1,A1.08,Dag3,15
Yanick,Lineaire Algebra,h1,A1.08,Dag3,15
Yvan,Lineaire Algebra,h1,A1.08,Dag3,15
Abdelkader,Lineaire Algebra,h2,A1.10,Dag3,15
Alexandre,Lineaire Algebra,h2,A1.10,Dag3,15
Bo,Lineaire Algebra,h2,A1.10,Dag3,15
Boy,Lineaire Algebra,h2,A1.10,Dag3,15
Catherine,Lineaire Algebra,h2,A1.10,Dag3,15
Chaimae,Lineaire Algebra,h2,A1.10,Dag3,15
Cherissa,Lineaire Algebra,h2,A1.10,Dag3,15
Cheyenna,Lineaire Algebra,h2,A1.10,Dag3,15
Chloe,Lineaire Algebra,h2,A1.10,Dag3,15
Christiaan,Lineaire Algebra,h2,A1.10,Dag3,15
Chrystel,Lineaire Algebra,h2,A1.10,Dag3,15
Cyrano,Lineaire Algebra,h2,A1.10,Dag3,15
Daisy,Lineaire Algebra,h2,A1.10,Dag3,15
Danique,Lineaire Algebra,h2,A1.10,Dag3,15
Demelza,Lineaire Algebra,h2,A1.10,Dag3,15
Dorenda,Lineaire Algebra,h2,A1.10,Dag3,15
El,Lineaire Algebra,h2,A1.10,Dag3,15
Enes,Lineaire Algebra,h2,A1.10,Dag3,15
Geurt,Lineaire Algebra,h2,A1.10,Dag3,15
Ilana,Lineaire Algebra,h2,A1.10,Dag3,15
Jackson,Lineaire Algebra,h2,A1.10,Dag3,15
Juliette,Lineaire Algebra,h2,A1.10,Dag3,15
Malcolm,Lineaire Algebra,h2,A1.10,Dag3,15
Marilene,Lineaire Algebra,h2,A1.10,Dag3,15
Maritha,Lineaire Algebra,h2,A1.10,Dag3,15
Marssae,Lineaire Algebra,h2,A1.10,Dag3,15
Mattijs,Lineaire Algebra,h2,A1.10,Dag3,15
Meta,Lineaire Algebra,h2,A1.10,Dag3,15
Naciye,Lineaire Algebra,h2,A1.10,Dag3,15
Nikie,Lineaire Algebra,h2,A1.10,Dag3,15
Quido,Lineaire Algebra,h2,A1.10,Dag3,15
Rein,Lineaire Algebra,h2,A1.10,Dag3,15
Roan,Lineaire Algebra,h2,A1.10,Dag3,15
Sahar,Lineaire Algebra,h2,A1.10,Dag3,15
Sanna,Lineaire Algebra,h2,A1.10,Dag3,15
Sarena,Lineaire Algebra,h2,A1.10,Dag3,15
Sayfeddine,Lineaire Algebra,h2,A1.10,Dag3,15
Sharan,Lineaire Algebra,h2,A1.10,Dag3,15
Shawny,Lineaire Algebra,h2,A1.10,Dag3,15
Sohrab,Lineaire Algebra,h2,A1.10,Dag3,15
Stein,Lineaire Algebra,h2,A1.10,Dag3,15
Tarah,Lineaire Algebra,h2,A1.10,Dag3,15
Tarik,Lineaire Algebra,h2,A1.10,Dag3,15
Thyrza,Lineaire Algebra,h2,A1.10,Dag3,15
Tjalle,Lineaire Algebra,h2,A1.10,Dag3,15
Tom,Lineaire Algebra,h2,A1.10,Dag3,15
Virginie,Lineaire Algebra,h2,A1.10,Dag3,15
Wichard,Lineaire Algebra,h2,A1.10,Dag3,15
Wieke,Lineaire Algebra,h2,A1.10,Dag3,15
Xanne,Lineaire Algebra,h2,A1.10,Dag3,15
Xiao,Lineaire Algebra,h2,A1.10,Dag3,15
Yanick,Lineaire Algebra,h2,A1.10,Dag3,15
Yvan,Lineaire Algebra,h2,A1.10,Dag3,15
Antonetta,Machine Learning,h1,B0.201,Dag3,15
Dana,Machine Learning,h1,B0.201,Dag3,15
Esme,Machine Learning,h1,B0.201,Dag3,15
Evelina,Machine Learning,h1,B0.201,Dag3,15
Haiko,Machine Learning,h1,B0.201,Dag3,15
Lammigje,Machine Learning,h1,B0.201,Dag3,15
Lenne,Machine Learning,h1,B0.201,Dag3,15
Luca,Machine Learning,h1,B0.201,Dag3,15
Manuel,Machine Learning,h1,B0.201,Dag3,15
Matthijs,Machine Learning,h1,B0.201,Dag3,15
Mink,Machine Learning,h1,B0.201,Dag3,15
Nanke,Machine Learning,h1,B0.201,Dag3,15
Ouidad,Machine Learning,h1,B0.201,Dag3,15
Patryk,Machine Learning,h1,B0.201,Dag3,15
Paulette,Machine Learning,h1,B0.201,Dag3,15
Rayen,Machine Learning,h1,B0.201,Dag3,15
Romy,Machine Learning,h1,B0.201,Dag3,15
Seb,Machine Learning,h1,B0.201,Dag3,15
Tamar,Machine Learning,h1,B0.201,Dag3,15
Vasco,Machine Learning,h1,B0.201,Dag3,15
Xiao,Machine Learning,h1,B0.201,Dag3,15
Yunus,Machine Learning,h1,B0.201,Dag3,15
Antonetta,Machine Learning,h2,C0.110,Dag3,15
Dana,Machine Learning,h2,C0.110,Dag3,15
Esme,Machine Learning,h2,C0.110,Dag3,15
Evelina,Machine Learning,h2,C0.110,Dag3,15
Haiko,Machine Learning,h2,C0.110,Dag3,15
Lammigje,Machine Learning,h2,C0.110,Dag3,15
Lenne,Machine Learning,h2,C0.110,Dag3,15
Luca,Machine Learning,h2,C0.110,Dag3,15
Manuel,Machine Learning,h2,C0.110,Dag3,15
Matthijs,Machine Learning,h2,C0.110,Dag3,15
Mink,Machine Learning,h2,C0.110,Dag3,15
Nanke,Machine Learning,h2,C0.110,Dag3,15
Ouidad,Machine Learning,h2,C0.110,Dag3,15
Patryk,Machine Learning,h2,C0.110,Dag3,15
Paulette,Machine Learning,h2,C0.110,Dag3,15
Rayen,Machine Learning,h2,C0.110,Dag3,15
Romy,Machine Learning,h2,C0.110,Dag3,15
Seb,Machine Learning,h2,C0.110,Dag3,15
Tamar,Machine Learning,h2,C0.110,Dag3,15
Vasco,Machine Learning,h2,C0.110,Dag3,15
Xiao,Machine Learning,h2,C0.110,Dag3,15
Yunus,Machine Learning,h2,C0.110,Dag3,15
Abdul,Moderne Databases,h1,C1.112,Dag3,15
Abram,Moderne Databases,h1,C1.112,Dag3,15
Anes,Moderne Databases,h1,C1.112,Dag3,15
Annamaria,Moderne Databases,h1,C1.112,Dag3,15
Annigje,Moderne Databases,h1,C1.112,Dag3,15
Aya,Moderne Databases,h1,C1.112,Dag3,15
Ceciel,Moderne Databases,h1,C1.112,Dag3,15
Chesney,Moderne Databases,h1,C1.112,Dag3,15
Christoffel,Moderne Databases,h1,C1.112,Dag3,15
Dax,Moderne Databases,h1,C1.112,Dag3,15
Diemer,Moderne Databases,h1,C1.112,Dag3,15
Djura,Moderne Databases,h1,C1.112,Dag3,15
Djuri,Moderne Databases,h1,C1.112,Dag3,15
Doede,Moderne Databases,h1,C1.112,Dag3,15
Elske,Moderne Databases,h1,C1.112,Dag3,15
Emme,Moderne Databases,h1,C1.112,Dag3,15
Eylem,Moderne Databases,h1,C1.112,Dag3,15
Federico,Moderne Databases,h1,C1.112,Dag3,15
Ferhan,Moderne Databases,h1,C1.112,Dag3,15
Frederic,Moderne Databases,h1,C1.112,Dag3,15
Gidon,Moderne Databases,h1,C1.112,Dag3,15
Hande,Moderne Databases,h1,C1.112,Dag3,15
Jodi,Moderne Databases,h1,C1.112,Dag3,15
Juliet,Moderne Databases,h1,C1.112,Dag3,15
Leonie,Moderne Databases,h1,C1.112,Dag3,15
Lysbeth,Moderne Databases,h1,C1.112,Dag3,15
Marck,Moderne Databases,h1,C1.112,Dag3,15
Marco,Moderne Databases,h1,C1.112,Dag3,15
Maritte,Moderne Databases,h1,C1.112,Dag3,15
Maron,Moderne Databases,h1,C1.112,Dag3,15
Maryam,Moderne Databases,h1,C1.112,Dag3,15
Maureen,Moderne Databases,h1,C1.112,Dag3,15
Micha,Moderne Databases,h1,C1.112,Dag3,15
Mouna,Moderne Databases,h1,C1.112,Dag3,15
Nanette,Moderne Databases,h1,C1.112,Dag3,15
Neele,Moderne Databases,h1,C1.112,Dag3,15
Nurcan,Moderne Databases,h1,C1.112,Dag3,15
Nuriye,Moderne Databases,h1,C1.112,Dag3,15
Nygel,Moderne Databases,h1,C1.112,Dag3,15
Patryk,Moderne Databases,h1,C1.112,Dag3,15
Pearl,Moderne Databases,h1,C1.112,Dag3,15
Rayn,Moderne Databases,h1,C1.112,Dag3,15
Rein,Moderne Databases,h1,C1.112,Dag3,15
Rhona,Moderne Databases,h1,C1.112,Dag3,15
Rieke,Moderne Databases,h1,C1.112,Dag3,15
Samah,Moderne Databases,h1,C1.112,Dag3,15
Sien,Moderne Databases,h1,C1.112,Dag3,15
Silvy,Moderne Databases,h1,C1.112,Dag3,15
Sivar,Moderne Databases,h1,C1.112,Dag3,15
Skye,Moderne Databases,h1,C1.112,Dag3,15
Vasco,Moderne Databases,h1,C1.112,Dag3,15
Vesna,Moderne Databases,h1,C1.112,Dag3,15
Virginie,Moderne Databases,h1,C1.112,Dag3,15
Yarah,Moderne Databases,h1,C1.112,Dag3,15
Abdul,Moderne Databases,w1,A1.04,Dag4,9
Abram,Moderne Databases,w1,A1.04,Dag4,9
Anes,Moderne Databases,w1,A1.04,Dag4,9
Annamaria,Moderne Databases,w1,A1.04,Dag4,9
Annigje,Moderne Databases,w1,A1.04,Dag4,9
Aya,Moderne Databases,w1,A1.04,Dag4,9
Ceciel,Moderne Databases,w1,A1.04,Dag4,9
Chesney,Moderne Databases,w1,A1.04,Dag4,9
Christoffel,Moderne Databases,w1,A1.04,Dag4,9
Dax,Moderne Databases,w1,A1.04,Dag4,9
Diemer,Moderne Databases,w1,A1.04,Dag4,9
Djura,Moderne Databases,w1,A1.04,Dag4,9
Djuri,Moderne Databases,w1,A1.04,Dag4,9
Doede,Moderne Databases,w1,A1.04,Dag4,9
Elske,Moderne Databases,w1,A1.04,Dag4,9
Emme,Moderne Databases,w1,A1.04,Dag4,9
Eylem,Moderne Databases,w1,A1.04,Dag4,9
Federico,Moderne Databases,w1,A1.04,Dag4,9
Ferhan,Moderne Databases,w1,A1.04,Dag4,9
Frederic,Moderne Databases,w1,A1.04,Dag4,9
Gidon,Moderne Databases,w1,A1.06,Dag4,9
Hande,Moderne Databases,w1,A1.06,Dag4,9
Jodi,Moderne Databases,w1,A1.06,Dag4,9
Juliet,Moderne Databases,w1,A1.06,Dag4,9
Leonie,Moderne Databases,w1,A1.06,Dag4,9
Lysbeth,Moderne Databases,w1,A1.06,Dag4,9
Marck,Moderne Databases,w1,A1.06,Dag4,9
Marco,Moderne Databases,w1,A1.06,Dag4,9
Maritte,Moderne Databases,w1,A1.06,Dag4,9
Maron,Moderne Databases,w1,A1.06,Dag4,9
Maryam,Moderne Databases,w1,A1.06,Dag4,9
Maureen,Moderne Databases,w1,A1.06,Dag4,9
Micha,Moderne Databases,w1,A1.06,Dag4,9
Mouna,Moderne Databases,w1,A1.06,Dag4,9
Nanette,Moderne Databases,w1,A1.06,Dag4,9
Neele,Moderne Databases,w1,A1.06,Dag4,9
Nurcan,Moderne Databases,w1,A1.06,Dag4,9
Nuriye,Moderne Databases,w1,A1.06,Dag4,9
Nygel,Moderne Databases,w1,A1.06,Dag4,9
Patryk,Moderne Databases,w1,A1.06,Dag4,9
Pearl,Moderne Databases,w1,A1.08,Dag4,9
Rayn,Moderne Databases,w1,A1.08,Dag4,9
Rein,Moderne Databases,w1,A1.08,Dag4,9
Rhona,Moderne Databases,w1,A1.08,Dag4,9
Rieke,Moderne Databases,w1,A1.08,Dag4,9
Samah,Moderne Databases,w1,A1.08,Dag4,9
Sien,Moderne Databases,w1,A1.08,Dag4,9
Silvy,Moderne Databases,w1,A1.08,Dag4,9
Sivar,Moderne Databases,w1,A1.08,Dag4,9
Skye,Moderne Databases,w1,A1.08,Dag4,9
Vasco,Moderne Databases,w1,A1.08,Dag4,9
Vesna,Moderne Databases,w1,A1.08,Dag4,9
Virginie,Moderne Databases,w1,A1.08,Dag4,9
Yarah,Moderne Databases,w1,A1.08,Dag4,9
Abdul,Moderne Databases,p1,A1.10,Dag4,9
Abram,Moderne Databases,p1,A1.10,Dag4,9
Anes,Moderne Databases,p1,A1.10,Dag4,9
Annamaria,Moderne Databases,p1,A1.10,Dag4,9
Annigje,Moderne Databases,p1,A1.10,Dag4,9
Aya,Moderne Databases,p1,A1.10,Dag4,9
Ceciel,Moderne Databases,p1,A1.10,Dag4,9
Chesney,Moderne Databases,p1,A1.10,Dag4,9
Christoffel,Moderne Databases,p1,A1.10,Dag4,9
Dax,Moderne Databases,p1,A1.10,Dag4,9
Diemer,Moderne Databases,p1,A1.10,Dag4,9
Djura,Moderne Databases,p1,A1.10,Dag4,9
Djuri,Moderne Databases,p1,A1.10,Dag4,9
Doede,Moderne Databases,p1,A1.10,Dag4,9
Elske,Moderne Databases,p1,A1.10,Dag4,9
Emme,Moderne Databases,p1,A1.10,Dag4,9
Eylem,Moderne Databases,p1,A1.10,Dag4,9
Federico,Moderne Databases,p1,A1.10,Dag4,9
Ferhan,Moderne Databases,p1,A1.10,Dag4,9
Frederic,Moderne Databases,p1,A1.10,Dag4,9
Gidon,Moderne Databases,p1,B0.201,Dag4,9
Hande,Moderne Databases,p1,B0.201,Dag4,9
Jodi,Moderne Databases,p1,B0.201,Dag4,9
Juliet,Moderne Databases,p1,B0.201,Dag4,9
Leonie,Moderne Databases,p1,B0.201,Dag4,9
Lysbeth,Moderne Databases,p1,B0.201,Dag4,9
Marck,Moderne Databases,p1,B0.201,Dag4,9
Marco,Moderne Databases,p1,B0.201,Dag4,9
Maritte,Moderne Databases,p1,B0.201,Dag4,9
Maron,Moderne Databases,p1,B0.201,Dag4,9
Maryam,Moderne Databases,p1,B0.201,Dag4,9
Maureen,Moderne Databases,p1,B0.201,Dag4,9
Micha,Moderne Databases,p1,B0.201,Dag4,9
Mouna,Moderne Databases,p1,B0.201,Dag4,9
Nanette,Moderne Databases,p1,B0.201,Dag4,9
Neele,Moderne Databases,p1,B0.201,Dag4,9
Nurcan,Moderne Databases,p1,B0.201,Dag4,9
Nuriye,Moderne Databases,p1,B0.201,Dag4,9
Nygel,Moderne Databases,p1,B0.201,Dag4,9
Patryk,Moderne Databases,p1,B0.201,Dag4,9
Pearl,Moderne Databases,p1,C0.110,Dag4,9
Rayn,Moderne Databases,p1,C0.110,Dag4,9
Rein,Moderne Databases,p1,C0.110,Dag4,9
Rhona,Moderne Databases,p1,C0.110,Dag4,9
Rieke,Moderne Databases,p1,C0.110,Dag4,9
Samah,Moderne Databases,p1,C0.110,Dag4,9
Sien,Moderne Databases,p1,C0.110,Dag4,9
Silvy,Moderne Databases,p1,C0.110,Dag4,9
Sivar,Moderne Databases,p1,C0.110,Dag4,9
Skye,Moderne Databases,p1,C0.110,Dag4,9
Vasco,Moderne Databases,p1,C0.110,Dag4,9
Vesna,Moderne Databases,p1,C0.110,Dag4,9
Virginie,Moderne Databases,p1,C0.110,Dag4,9
Yarah,Moderne Databases,p1,C0.110,Dag4,9
Abdelouahid,Netwerken en systeembeveiliging,p1,C1.112,Dag4,9
Alexandra,Netwerken en systeembeveiliging,p1,C1.112,Dag4,9
Andre,Netwerken en systeembeveiliging,p1,C1.112,Dag4,9
Angus,Netwerken en systeembeveiliging,p1,C1.112,Dag4,9
Anne-Jan,Netwerken en systeembeveiliging,p1,C1.112,Dag4,9
Annigje,Netwerken en systeembeveiliging,p1,C1.112,Dag4,9
Annique,Netwerken en systeembeveiliging,p1,C1.112,Dag4,9
Berdina,Netwerken en systeembeveiliging,p1,C1.112,Dag4,9
Bilal,Netwerken en systeembeveiliging,p1,C1.112,Dag4,9
Chrystel,Netwerken en systeembeveiliging,p1,C1.112,Dag4,9
Ciske,Netwerken en systeembeveiliging,p1,C1.112,Dag4,9
Dingenus,Netwerken en systeembeveiliging,p1,C1.112,Dag4,9
Edin,Netwerken en systeembeveiliging,p1,C1.112,Dag4,9
Edwinus,Netwerken en systeembeveiliging,p1,C1.112,Dag4,9
Emil,Netwerken en systeembeveiliging,p1,C1.112,Dag4,9
Emrah,Netwerken en systeembeveiliging,p1,C1.112,Dag4,9
Farhad,Netwerken en systeembeveiliging,p1,C1.112,Dag4,9
Fatime,Netwerken en systeembeveiliging,p1,C1.112,Dag4,9
Franklin,Netwerken en systeembeveiliging,p1,C1.112,Dag4,9
Fynn,Netwerken en systeembeveiliging,p1,C1.112,Dag4,9
Genesis,Netwerken en systeembeveiliging,p1,A1.04,Dag4,11
Harry,Netwerken en systeembeveiliging,p1,A1.04,Dag4,11
Hetty,Netwerken en systeembeveiliging,p1,A1.04,Dag4,11
Hiba,Netwerken en systeembeveiliging,p1,A1.04,Dag4,11
Jarik,Netwerken en systeembeveiliging,p1,A1.04,Dag4,11
Jaro,Netwerken en systeembeveiliging,p1,A1.04,Dag4,11
Johanne,Netwerken en systeembeveiliging,p1,A1.04,Dag4,11
Johannus,Netwerken en systeembeveiliging,p1,A1.04,Dag4,11
Jorike,Netwerken en systeembeveiliging,p1,A1.04,Dag4,11
Jort,Netwerken en systeembeveiliging,p1,A1.04,Dag4,11
Josef,Netwerken en systeembeveiliging,p1,A1.04,Dag4,11
Jurre,Netwerken en systeembeveiliging,p1,A1.04,Dag4,11
Kyllian,Netwerken en systeembeveiliging,p1,A1.04,Dag4,11
Marck,Netwerken en systeembeveiliging,p1,A1.04,Dag4,11
Marrie,Netwerken en systeembeveiliging,p1,A1.04,Dag4,11
Maruschka,Netwerken en systeembeveiliging,p1,A1.04,Dag4,11
Mattie,Netwerken en systeembeveiliging,p1,A1.04,Dag4,11
Mattijs,Netwerken en systeembeveiliging,p1,A1.04,Dag4,11
Meta,Netwerken en systeembeveiliging,p1,A1.04,Dag4,11
Miguel,Netwerken en systeembeveiliging,p1,A1.04,Dag4,11
Monika,Netwerken en systeembeveiliging,p1,A1.06,Dag4,11
Nadir,Netwerken en systeembeveiliging,p1,A1.06,Dag4,11
Nika,Netwerken en systeembeveiliging,p1,A1.06,Dag4,11
Ouidad,Netwerken en systeembeveiliging,p1,A1.06,Dag4,11
Priscillia,Netwerken en systeembeveiliging,p1,A1.06,Dag4,11
Rafaela,Netwerken en systeembeveiliging,p1,A1.06,Dag4,11
Raven,Netwerken en systeembeveiliging,p1,A1.06,Dag4,11
Ravi,Netwerken en systeembeveiliging,p1,A1.06,Dag4,11
Redouane,Netwerken en systeembeveiliging,p1,A1.06,Dag4,11
Rosali,Netwerken en systeembeveiliging,p1,A1.06,Dag4,11
Ruveyda,Netwerken en systeembeveiliging,p1,A1.06,Dag4,11
Sezen,Netwerken en systeembeveiliging,p1,A1.06,Dag4,11
Shakir,Netwerken en systeembeveiliging,p1,A1.06,Dag4,11
Shan,Netwerken en systeembeveiliging,p1,A1.06,Dag4,11
Sharief,Netwerken en systeembeveiliging,p1,A1.06,Dag4,11
Silvy,Netwerken en systeembeveiliging,p1,A1.06,Dag4,11
Talha,Netwerken en systeembeveiliging,p1,A1.06,Dag4,11
Tevfik,Netwerken en systeembeveiliging,p1,A1.06,Dag4,11
Thom,Netwerken en systeembeveiliging,p1,A1.06,Dag4,11
Timo,Netwerken en systeembeveiliging,p1,A1.06,Dag4,11
Titia,Netwerken en systeembeveiliging,p1,A1.08,Dag4,11
Wijntje,Netwerken en systeembeveiliging,p1,A1.08,Dag4,11
Zahir,Netwerken en systeembeveiliging,p1,A1.08,Dag4,11
Abdeslam,Programmeren in Java 2,p1,A1.10,Dag4,11
Abdul,Programmeren in Java 2,p1,A1.10,Dag4,11
Adil,Programmeren in Java 2,p1,A1.10,Dag4,11
Adisa,Programmeren in Java 2,p1,A1.10,Dag4,11
Agelo,Programmeren in Java 2,p1,A1.10,Dag4,11
Aidan,Programmeren in Java 2,p1,A1.10,Dag4,11
Amelie,Programmeren in Java 2,p1,A1.10,Dag4,11
Antonetta,Programmeren in Java 2,p1,A1.10,Dag4,11
Ard,Programmeren in Java 2,p1,A1.10,Dag4,11
Arianna,Programmeren in Java 2,p1,A1.10,Dag4,11
Bobby,Programmeren in Java 2,p1,A1.10,Dag4,11
Boy,Programmeren in Java 2,p1,A1.10,Dag4,11
Caressa,Programmeren in Java 2,p1,A1.10,Dag4,11
Ceciel,Programmeren in Java 2,p1,A1.10,Dag4,11
Ceren,Programmeren in Java 2,p1,A1.10,Dag4,11
Chaimae,Programmeren in Java 2,p1,A1.10,Dag4,11
Cherilyn,Programmeren in Java 2,p1,A1.10,Dag4,11
Christiana,Programmeren in Java 2,p1,A1.10,Dag4,11
Christoffel,Programmeren in Java 2,p1,A1.10,Dag4,11
Chrystel,Programmeren in Java 2,p1,A1.10,Dag4,11
Claudine,Programmeren in Java 2,p1,B0.201,Dag4,11
Cleo,Programmeren in Java 2,p1,B0.201,Dag4,11
Cyrille,Programmeren in Java 2,p1,B0.201,Dag4,11
Daisy,Programmeren in Java 2,p1,B0.201,Dag4,11
Dalila,Programmeren in Java 2,p1,B0.201,Dag4,11
Darian,Programmeren in Java 2,p1,B0.201,Dag4,11
Desiree,Programmeren in Java 2,p1,B0.201,Dag4,11
Devlin,Programmeren in Java 2,p1,B0.201,Dag4,11
Dinah,Programmeren in Java 2,p1,B0.201,Dag4,11
Dineke,Programmeren in Java 2,p1,B0.201,Dag4,11
Eylem,Programmeren in Java 2,p1,B0.201,Dag4,11
Florus,Programmeren in Java 2,p1,B0.201,Dag4,11
Gonca,Programmeren in Java 2,p1,B0.201,Dag4,11
Hananja,Programmeren in Java 2,p1,B0.201,Dag4,11
Heiltje,Programmeren in Java 2,p1,B0.201,Dag4,11
Henricus,Programmeren in Java 2,p1,B0.201,Dag4,11
Jackson,Programmeren in Java 2,p1,B0.201,Dag4,11
Janniek,Programmeren in Java 2,p1,B0.201,Dag4,11
Jaro,Programmeren in Java 2,p1,B0.201,Dag4,11
Jayme,Programmeren in Java 2,p1,B0.201,Dag4,11
Jenske,Programmeren in Java 2,p1,C0.110,Dag4,11
Jo-Anne,Programmeren in Java 2,p1,C0.110,Dag4,11
Johannes,Programmeren in Java 2,p1,C0.110,Dag4,11
Jorg,Programmeren in Java 2,p1,C0.110,Dag4,11
Jorian,Programmeren in Java 2,p1,C0.110,Dag4,11
Jort,Programmeren in Java 2,p1,C0.110,Dag4,11
Jos,Programmeren in Java 2,p1,C0.110,Dag4,11
Kamil,Programmeren in Java 2,p1,C0.110,Dag4,11
Kely,Programmeren in Java 2,p1,C0.110,Dag4,11
Kimm,Programmeren in Java 2,p1,C0.110,Dag4,11
Lammigje,Programmeren in Java 2,p1,C0.110,Dag4,11
Leida,Programmeren in Java 2,p1,C0.110,Dag4,11
Leo,Programmeren in Java 2,p1,C0.110,Dag4,11
Levien,Programmeren in Java 2,p1,C0.110,Dag4,11
Liana,Programmeren in Java 2,p1,C0.110,Dag4,11
Lisse,Programmeren in Java 2,p1,C0.110,Dag4,11
Manuel,Programmeren in Java 2,p1,C0.110,Dag4,11
Marije,Programmeren in Java 2,p1,C0.110,Dag4,11
Marnik,Programmeren in Java 2,p1,C0.110,Dag4,11
Maureen,Programmeren in Java 2,p1,C0.110,Dag4,11
Mellanie,Programmeren in Java 2,p1,C1.112,Dag4,11
Mellisa,Programmeren in Java 2,p1,C1.112,Dag4,11
Merel,Programmeren in Java 2,p1,C1.112,Dag4,11
Mies,Programmeren in Java 2,p1,C1.112,Dag4,11
Miko,Programmeren in Java 2,p1,C1.112,Dag4,11
Mink,Programmeren in Java 2,p1,C1.112,Dag4,11
Miquel,Programmeren in Java 2,p1,C1.112,Dag4,11
Naciye,Programmeren in Java 2,p1,C1.112,Dag4,11
Nadia,Programmeren in Java 2,p1,C1.112,Dag4,11
Nanet,Programmeren in Java 2,p1,C1.112,Dag4,11
Nassira,Programmeren in Java 2,p1,C1.112,Dag4,11
Nathanael,Programmeren in Java 2,p1,C1.112,Dag4,11
Noa,Programmeren in Java 2,p1,C1.112,Dag4,11
Nordin,Programmeren in Java 2,p1,C1.112,Dag4,11
Noud,Programmeren in Java 2,p1,C1.112,Dag4,11
Olaf,Programmeren in Java 2,p1,C1.112,Dag4,11
Olof,Programmeren in Java 2,p1,C1.112,Dag4,11
Ouidad,Programmeren in Java 2,p1,C1.112,Dag4,11
Patryk,Programmeren in Java 2,p1,C1.112,Dag4,11
Priscillia,Programmeren in Java 2,p1,C1.112,Dag4,11
Quido,Programmeren in Java 2,p1,A1.04,Dag4,13
Rahim,Programmeren in Java 2,p1,A1.04,Dag4,13
Rayen,Programmeren in Java 2,p1,A1.04,Dag4,13
Riana,Programmeren in Java 2,p1,A1.04,Dag4,13
Rochelle,Programmeren in Java 2,p1,A1.04,Dag4,13
Rosali,Programmeren in Java 2,p1,A1.04,Dag4,13
Saba,Programmeren in Java 2,p1,A1.04,Dag4,13
Samyra,Programmeren in Java 2,p1,A1.04,Dag4,13
Sanne,Programmeren in Java 2,p1,A1.04,Dag4,13
Sayfeddine,Programmeren in Java 2,p1,A1.04,Dag4,13
Scotty,Programmeren in Java 2,p1,A1.04,Dag4,13
Silvy,Programmeren in Java 2,p1,A1.04,Dag4,13
Sonny,Programmeren in Java 2,p1,A1.04,Dag4,13
Taeke,Programmeren in Java 2,p1,A1.04,Dag4,13
Tamar,Programmeren in Java 2,p1,A1.04,Dag4,13
Tariq,Programmeren in Java 2,p1,A1.04,Dag4,13
Tea,Programmeren in Java 2,p1,A1.04,Dag4,13
Timo,Programmeren in Java 2,p1,A1.04,Dag4,13
Titia,Programmeren in Java 2,p1,A1.04,Dag4,13
Umar,Programmeren in Java 2,p1,A1.04,Dag4,13
Virgill,Programmeren in Java 2,p1,A1.06,Dag4,13
Vivianne,Programmeren in Java 2,p1,A1.06,Dag4,13
Wichard,Programmeren in Java 2,p1,A1.06,Dag4,13
Wijntje,Programmeren in Java 2,p1,A1.06,Dag4,13
Wilmer,Programmeren in Java 2,p1,A1.06,Dag4,13
Wytske,Programmeren in Java 2,p1,A1.06,Dag4,13
Xiao,Programmeren in Java 2,p1,A1.06,Dag4,13
Yde,Programmeren in Java 2,p1,A1.06,Dag4,13
Yi,Programmeren in Java 2,p1,A1.06,Dag4,13
Ylse,Programmeren in Java 2,p1,A1.06,Dag4,13
Aart,Project Genetic Algorithms,p1,A1.08,Dag4,13
Allan,Project Genetic Algorithms,p1,A1.08,Dag4,13
Arif,Project Genetic Algorithms,p1,A1.08,Dag4,13
Armin,Project Genetic Algorithms,p1,A1.08,Dag4,13
Berdina,Project Genetic Algorithms,p1,A1.08,Dag4,13
Bodie,Project Genetic Algorithms,p1,A1.08,Dag4,13
Carmela,Project Genetic Algorithms,p1,A1.08,Dag4,13
Emil,Project Genetic Algorithms,p1,A1.08,Dag4,13
Erdal,Project Genetic Algorithms,p1,A1.08,Dag4,13
Goos,Project Genetic Algorithms,p1,A1.08,Dag4,13
Gradus,Project Genetic Algorithms,p1,A1.08,Dag4,13
Guilliano,Project Genetic Algorithms,p1,A1.08,Dag4,13
Gustaaf,Project Genetic Algorithms,p1,A1.08,Dag4,13
Heba,Project Genetic Algorithms,p1,A1.08,Dag4,13
Jory,Project Genetic Algorithms,p1,A1.08,Dag4,13
Jos,Project Genetic Algorithms,p1,A1.10,Dag4,13
Josef,Project Genetic Algorithms,p1,A1.10,Dag4,13
Kimmy,Project Genetic Algorithms,p1,A1.10,Dag4,13
Manuel,Project Genetic Algorithms,p1,A1.10,Dag4,13
Maritha,Project Genetic Algorithms,p1,A1.10,Dag4,13
Maron,Project Genetic Algorithms,p1,A1.10,Dag4,13
Marrit,Project Genetic Algorithms,p1,A1.10,Dag4,13
Maryam,Project Genetic Algorithms,p1,A1.10,Dag4,13
Matisse,Project Genetic Algorithms,p1,A1.10,Dag4,13
Maurice,Project Genetic Algorithms,p1,A1.10,Dag4,13
Mayla,Project Genetic Algorithms,p1,A1.10,Dag4,13
Micha,Project Genetic Algorithms,p1,A1.10,Dag4,13
Nesrin,Project Genetic Algorithms,p1,A1.10,Dag4,13
Nika,Project Genetic Algorithms,p1,A1.10,Dag4,13
Noelle,Project Genetic Algorithms,p1,A1.10,Dag4,13
Oliver,Project Genetic Algorithms,p1,B0.201,Dag4,13
Roan,Project Genetic Algorithms,p1,B0.201,Dag4,13
Servet,Project Genetic Algorithms,p1,B0.201,Dag4,13
Steijn,Project Genetic Algorithms,p1,B0.201,Dag4,13
Tamar,Project Genetic Algorithms,p1,B0.201,Dag4,13
Wissal,Project Genetic Algorithms,p1,B0.201,Dag4,13
Abdelkader,Project Numerical Recipes,p1,C0.110,Dag4,13
Belle,Project Numerical Recipes,p1,C0.110,Dag4,13
Cyrina,Project Numerical Recipes,p1,C0.110,Dag4,13
Esme,Project Numerical Recipes,p1,C0.110,Dag4,13
Esmee,Project Numerical Recipes,p1,C0.110,Dag4,13
Farhad,Project Numerical Recipes,p1,C0.110,Dag4,13
Fatime,Project Numerical Recipes,p1,C0.110,Dag4,13
Faya,Project Numerical Recipes,p1,C0.110,Dag4,13
Geerte,Project Numerical Recipes,p1,C0.110,Dag4,13
Guus,Project Numerical Recipes,p1,C0.110,Dag4,13
Hanan,Project Numerical Recipes,p1,C0.110,Dag4,13
Heiltje,Project Numerical Recipes,p1,C0.110,Dag4,13
Inger,Project Numerical Recipes,p1,C0.110,Dag4,13
Jannette,Project Numerical Recipes,p1,C0.110,Dag4,13
Jayme,Project Numerical Recipes,p1,C0.110,Dag4,13
Johannus,Project Numerical Recipes,p1,C1.112,Dag4,13
Jorike,Project Numerical Recipes,p1,C1.112,Dag4,13
Juan,Project Numerical Recipes,p1,C1.112,Dag4,13
Juliette,Project Numerical Recipes,p1,C1.112,Dag4,13
Kamila,Project Numerical Recipes,p1,C1.112,Dag4,13
Kathryn,Project Numerical Recipes,p1,C1.112,Dag4,13
Lamia,Project Numerical Recipes,p1,C1.112,Dag4,13
Leon,Project Numerical Recipes,p1,C1.112,Dag4,13
Lody,Project Numerical Recipes,p1,C1.112,Dag4,13
Lysbeth,Project Numerical Recipes,p1,C1.112,Dag4,13
Martin,Project Numerical Recipes,p1,C1.112,Dag4,13
Nanet,Project Numerical Recipes,p1,C1.112,Dag4,13
Patricia,Project Numerical Recipes,p1,C1.112,Dag4,13
Perry,Project Numerical Recipes,p1,C1.112,Dag4,13
Renco,Project Numerical Recipes,p1,C1.112,Dag4,13
Romaisa,Project Numerical Recipes,p1,A1.04,Dag4,15
Roswitha,Project Numerical Recipes,p1,A1.04,Dag4,15
Ruveyda,Project Numerical Recipes,p1,A1.04,Dag4,15
Semiha,Project Numerical Recipes,p1,A1.04,Dag4,15
Sharan,Project Numerical Recipes,p1,A1.04,Dag4,15
Sherman,Project Numerical Recipes,p1,A1.04,Dag4,15
Siri,Project Numerical Recipes,p1,A1.04,Dag4,15
Titia,Project Numerical Recipes,p1,A1.04,Dag4,15
Tom,Project Numerical Recipes,p1,A1.04,Dag4,15
Vivianne,Project Numerical Recipes,p1,A1.04,Dag4,15
Wiert,Project Numerical Recipes,p1,A1.04,Dag4,15
Winfried,Project Numerical Recipes,p1,A1.04,Dag4,15
Yalda,Project Numerical Recipes,p1,A1.04,Dag4,15
Yang,Project Numerical Recipes,p1,A1.04,Dag4,15
Aart,Reflectie op de digitale cultuur,h1,A1.06,Dag4,15
Abdallah,Reflectie op de digitale cultuur,h1,A1.06,Dag4,15
Andre,Reflectie op de digitale cultuur,h1,A1.06,Dag4,15
Angle,Reflectie op de digitale cultuur,h1,A1.06,Dag4,15
Ans,Reflectie op de digitale cultuur,h1,A1.06,Dag4,15
Ceciel,Reflectie op de digitale cultuur,h1,A1.06,Dag4,15
Cemil,Reflectie op de digitale cultuur,h1,A1.06,Dag4,15
Chelly,Reflectie op de digitale cultuur,h1,A1.06,Dag4,15
Djura,Reflectie op de digitale cultuur,h1,A1.06,Dag4,15
Donna,Reflectie op de digitale cultuur,h1,A1.06,Dag4,15
Eltjo,Reflectie op de digitale cultuur,h1,A1.06,Dag4,15
Ervin,Reflectie op de digitale cultuur,h1,A1.06,Dag4,15
Esme,Reflectie op de digitale cultuur,h1,A1.06,Dag4,15
Gabriella,Reflectie op de digitale cultuur,h1,A1.06,Dag4,15
Goven,Reflectie op de digitale cultuur,h1,A1.06,Dag4,15
Haiko,Reflectie op de digitale cultuur,h1,A1.06,Dag4,15
Hailey,Reflectie op de digitale cultuur,h1,A1.06,Dag4,15
Hanne,Reflectie op de digitale cultuur,h1,A1.06,Dag4,15
Hendrik-Jan,Reflectie op de digitale cultuur,h1,A1.06,Dag4,15
Ihsane,Reflectie op de digitale cultuur,h1,A1.06,Dag4,15
Inger,Reflectie op de digitale cultuur,h1,A1.06,Dag4,15
Jacey,Reflectie op de digitale cultuur,h1,A1.06,Dag4,15
Jeremey,Reflectie op de digitale cultuur,h1,A1.06,Dag4,15
Juan,Reflectie op de digitale cultuur,h1,A1.06,Dag4,15
Ken,Reflectie op de digitale cultuur,h1,A1.06,Dag4,15
Kyllian,Reflectie op de digitale cultuur,h1,A1.06,Dag4,15
Le,Reflectie op de digitale cultuur,h1,A1.06,Dag4,15
Leida,Reflectie op de digitale cultuur,h1,A1.06,Dag4,15
Liana,Reflectie op de digitale cultuur,h1,A1.06,Dag4,15
Mahmud,Reflectie op de digitale cultuur,h1,A1.06,Dag4,15
Marck,Reflectie op de digitale cultuur,h1,A1.06,Dag4,15
Maritha,Reflectie op de digitale cultuur,h1,A1.06,Dag4,15
Maryam,Reflectie op de digitale cultuur,h1,A1.06,Dag4,15
Nadia,Reflectie op de digitale cultuur,h1,A1.06,Dag4,15
Nika,Reflectie op de digitale cultuur,h1,A1.06,Dag4,15
Paulette,Reflectie op de digitale cultuur,h1,A1.06,Dag4,15
Raja,Reflectie op de digitale cultuur,h1,A1.06,Dag4,15
Riana,Reflectie op de digitale cultuur,h1,A1.06,Dag4,15
Robbie,Reflectie op de digitale cultuur,h1,A1.06,Dag4,15
Samyra,Reflectie op de digitale cultuur,h1,A1.06,Dag4,15
Semiha,Reflectie op de digitale cultuur,h1,A1.06,Dag4,15
Seval,Reflectie op de digitale cultuur,h1,A1.06,Dag4,15
Shan,Reflectie op de digitale cultuur,h1,A1.06,Dag4,15
Silvy,Reflectie op de digitale cultuur,h1,A1.06,Dag4,15
Tjesse,Reflectie op de digitale cultuur,h1,A1.06,Dag4,15
Wulfert,Reflectie op de digitale cultuur,h1,A1.06,Dag4,15
Wytske,Reflectie op de digitale cultuur,h1,A1.06,Dag4,15
Xiao,Reflectie op de digitale cultuur,h1,A1.06,Dag4,15
Ynte,Reflectie op de digitale cultuur,h1,A1.06,Dag4,15
Aart,Reflectie op de digitale cultuur,h2,A1.08,Dag4,15
Abdallah,Reflectie op de digitale cultuur,h2,A1.08,Dag4,15
Andre,Reflectie op de digitale cultuur,h2,A1.08,Dag4,15
Angle,Reflectie op de digitale cultuur,h2,A1.08,Dag4,15
Ans,Reflectie op de digitale cultuur,h2,A1.08,Dag4,15
Ceciel,Reflectie op de digitale cultuur,h2,A1.08,Dag4,15
Cemil,Reflectie op de digitale cultuur,h2,A1.08,Dag4,15
Chelly,Reflectie op de digitale cultuur,h2,A1.08,Dag4,15
Djura,Reflectie op de digitale cultuur,h2,A1.08,Dag4,15
Donna,Reflectie op de digitale cultuur,h2,A1.08,Dag4,15
Eltjo,Reflectie op de digitale cultuur,h2,A1.08,Dag4,15
Ervin,Reflectie op de digitale cultuur,h2,A1.08,Dag4,15
Esme,Reflectie op de digitale cultuur,h2,A1.08,Dag4,15
Gabriella,Reflectie op de digitale cultuur,h2,A1.08,Dag4,15
Goven,Reflectie op de digitale cultuur,h2,A1.08,Dag4,15
Haiko,Reflectie op de digitale cultuur,h2,A1.08,Dag4,15
Hailey,Reflectie op de digitale cultuur,h2,A1.08,Dag4,15
Hanne,Reflectie op de digitale cultuur,h2,A1.08,Dag4,15
Hendrik-Jan,Reflectie op de digitale cultuur,h2,A1.08,Dag4,15
Ihsane,Reflectie op de digitale cultuur,h2,A1.08,Dag4,15
Inger,Reflectie op de digitale cultuur,h2,A1.08,Dag4,15
Jacey,Reflectie op de digitale cultuur,h2,A1.08,Dag4,15
Jeremey,Reflectie op de digitale cultuur,h2,A1.08,Dag4,15
Juan,Reflectie op de digitale cultuur,h2,A1.08,Dag4,15
Ken,Reflectie op de digitale cultuur,h2,A1.08,Dag4,15
Kyllian,Reflectie op de digitale cultuur,h2,A1.08,Dag4,15
Le,Reflectie op de digitale cultuur,h2,A1.08,Dag4,15
Leida,Reflectie op de digitale cultuur,h2,A1.08,Dag4,15
Liana,Reflectie op de digitale cultuur,h2,A1.08,Dag4,15
Mahmud,Reflectie op de digitale cultuur,h2,A1.08,Dag4,15
Marck,Reflectie op de digitale cultuur,h2,A1.08,Dag4,15
Maritha,Reflectie op de digitale cultuur,h2,A1.08,Dag4,15
Maryam,Reflectie op de digitale cultuur,h2,A1.08,Dag4,15
Nadia,Reflectie op de digitale cultuur,h2,A1.08,Dag4,15
Nika,Reflectie op de digitale cultuur,h2,A1.08,Dag4,15
Paulette,Reflectie op de digitale cultuur,h2,A1.08,Dag4,15
Raja,Reflectie op de digitale cultuur,h2,A1.08,Dag4,15
Riana,Reflectie op de digitale cultuur,h2,A1.08,Dag4,15
Robbie,Reflectie op de digitale cultuur,h2,A1.08,Dag4,15
Samyra,Reflectie op de digitale cultuur,h2,A1.08,Dag4,15
Semiha,Reflectie op de digitale cultuur,h2,A1.08,Dag4,15
Seval,Reflectie op de digitale cultuur,h2,A1.08,Dag4,15
Shan,Reflectie op de digitale cultuur,h2,A1.08,Dag4,15
Silvy,Reflectie op de digitale cultuur,h2,A1.08,Dag4,15
Tjesse,Reflectie op de digitale cultuur,h2,A1.08,Dag4,15
Wulfert,Reflectie op de digitale cultuur,h2,A1.08,Dag4,15
Wytske,Reflectie op de digitale cultuur,h2,A1.08,Dag4,15
Xiao,Reflectie op de digitale cultuur,h2,A1.08,Dag4,15
Ynte,Reflectie op de digitale cultuur,h2,A1.08,Dag4,15
Aart,Reflectie op de digitale cultuur,w1,A1.10,Dag4,15
Abdallah,Reflectie op de digitale cultuur,w1,A1.10,Dag4,15
Andre,Reflectie op de digitale cultuur,w1,A1.10,Dag4,15
Angle,Reflectie op de digitale cultuur,w1,A1.10,Dag4,15
Ans,Reflectie op de digitale cultuur,w1,A1.10,Dag4,15
Ceciel,Reflectie op de digitale cultuur,w1,A1.10,Dag4,15
Cemil,Reflectie op de digitale cultuur,w1,A1.10,Dag4,15
Chelly,Reflectie op de digitale cultuur,w1,A1.10,Dag4,15
Djura,Reflectie op de digitale cultuur,w1,A1.10,Dag4,15
Donna,Reflectie op de digitale cultuur,w1,A1.10,Dag4,15
Eltjo,Reflectie op de digitale cultuur,w1,A1.10,Dag4,15
Ervin,Reflectie op de digitale cultuur,w1,A1.10,Dag4,15
Esme,Reflectie op de digitale cultuur,w1,A1.10,Dag4,15
Gabriella,Reflectie op de digitale cultuur,w1,A1.10,Dag4,15
Goven,Reflectie op de digitale cultuur,w1,A1.10,Dag4,15
Haiko,Reflectie op de digitale cultuur,w1,A1.10,Dag4,15
Hailey,Reflectie op de digitale cultuur,w1,A1.10,Dag4,15
Hanne,Reflectie op de digitale cultuur,w1,A1.10,Dag4,15
Hendrik-Jan,Reflectie op de digitale cultuur,w1,A1.10,Dag4,15
Ihsane,Reflectie op de digitale cultuur,w1,A1.10,Dag4,15
Inger,Reflectie op de digitale cultuur,w1,B0.201,Dag4,15
Jacey,Reflectie op de digitale cultuur,w1,B0.201,Dag4,15
Jeremey,Reflectie op de digitale cultuur,w1,B0.201,Dag4,15
Juan,Reflectie op de digitale cultuur,w1,B0.201,Dag4,15
Ken,Reflectie op de digitale cultuur,w1,B0.201,Dag4,15
Kyllian,Reflectie op de digitale cultuur,w1,B0.201,Dag4,15
Le,Reflectie op de digitale cultuur,w1,B0.201,Dag4,15
Leida,Reflectie op de digitale cultuur,w1,B0.201,Dag4,15
Liana,Reflectie op de digitale cultuur,w1,B0.201,Dag4,15
Mahmud,Reflectie op de digitale cultuur,w1,B0.201,Dag4,15
Marck,Reflectie op de digitale cultuur,w1,B0.201,Dag4,15
Maritha,Reflectie op de digitale cultuur,w1,B0.201,Dag4,15
Maryam,Reflectie op de digitale cultuur,w1,B0.201,Dag4,15
Nadia,Reflectie op de digitale cultuur,w1,B0.201,Dag4,15
Nika,Reflectie op de digitale cultuur,w1,B0.201,Dag4,15
Paulette,Reflectie op de digitale cultuur,w1,B0.201,Dag4,15
Raja,Reflectie op de digitale cultuur,w1,B0.201,Dag4,15
Riana,Reflectie op de digitale cultuur,w1,B0.201,Dag4,15
Robbie,Reflectie op de digitale cultuur,w1,B0.201,Dag4,15
Samyra,Reflectie op de digitale cultuur,w1,B0.201,Dag4,15
Semiha,Reflectie op de digitale cultuur,w1,C0.110,Dag4,15
Seval,Reflectie op de digitale cultuur,w1,C0.110,Dag4,15
Shan,Reflectie op de digitale cultuur,w1,C0.110,Dag4,15
Silvy,Reflectie op de digitale cultuur,w1,C0.110,Dag4,15
Tjesse,Reflectie op de digitale cultuur,w1,C0.110,Dag4,15
Wulfert,Reflectie op de digitale cultuur,w1,C0.110,Dag4,15
Wytske,Reflectie op de digitale cultuur,w1,C0.110,Dag4,15
Xiao,Reflectie op de digitale cultuur,w1,C0.110,Dag4,15
Ynte,Reflectie op de digitale cultuur,w1,C0.110,Dag4,15
Aart,Software engineering,h1,C1.112,Dag4,15
Abdallah,Software engineering,h1,C1.112,Dag4,15
Abram,Software engineering,h1,C1.112,Dag4,15
Albertien,Software engineering,h1,C1.112,Dag4,15
Angelica,Software engineering,h1,C1.112,Dag4,15
Annique,Software engineering,h1,C1.112,Dag4,15
Bjorn,Software engineering,h1,C1.112,Dag4,15
Brecht,Software engineering,h1,C1.112,Dag4,15
Brigitta,Software engineering,h1,C1.112,Dag4,15
Catharinus,Software engineering,h1,C1.112,Dag4,15
Christal,Software engineering,h1,C1.112,Dag4,15
Dax,Software engineering,h1,C1.112,Dag4,15
Deacon,Software engineering,h1,C1.112,Dag4,15
Dorenda,Software engineering,h1,C1.112,Dag4,15
Eltjo,Software engineering,h1,C1.112,Dag4,15
Esmee,Software engineering,h1,C1.112,Dag4,15
Ethan,Software engineering,h1,C1.112,Dag4,15
Eyup,Software engineering,h1,C1.112,Dag4,15
Frederic,Software engineering,h1,C1.112,Dag4,15
Fredrika,Software engineering,h1,C1.112,Dag4,15
Gabriella,Software engineering,h1,C1.112,Dag4,15
Geerte,Software engineering,h1,C1.112,Dag4,15
Geerten,Software engineering,h1,C1.112,Dag4,15
Geurt,Software engineering,h1,C1.112,Dag4,15
Hailey,Software engineering,h1,C1.112,Dag4,15
Hanan,Software engineering,h1,C1.112,Dag4,15
Hananja,Software engineering,h1,C1.112,Dag4,15
Haroun,Software engineering,h1,C1.112,Dag4,15
Imran,Software engineering,h1,C1.112,Dag4,15
Jorian,Software engineering,h1,C1.112,Dag4,15
Jos,Software engineering,h1,C1.112,Dag4,15
Karam,Software engineering,h1,C1.112,Dag4,15
Kavish,Software engineering,h1,C1.112,Dag4,15
Kimm,Software engineering,h1,C1.112,Dag4,15
Ko,Software engineering,h1,C1.112,Dag4,15
Krijntje,Software engineering,h1,C1.112,Dag4,15
Lamia,Software engineering,h1,C1.112,Dag4,15
Liedeke,Software engineering,h1,C1.112,Dag4,15
Ludovicus,Software engineering,h1,C1.112,Dag4,15
Marcellus,Software engineering,h1,C1.112,Dag4,15
Maritte,Software engineering,h1,C1.112,Dag4,15
Maron,Software engineering,h1,C1.112,Dag4,15
Marssae,Software engineering,h1,C1.112,Dag4,15
Matz,Software engineering,h1,C1.112,Dag4,15
Minoesch,Software engineering,h1,C1.112,Dag4,15
Naciye,Software engineering,h1,C1.112,Dag4,15
Nermin,Software engineering,h1,C1.112,Dag4,15
Nygel,Software engineering,h1,C1.112,Dag4,15
Ouidad,Software engineering,h1,C1.112,Dag4,15
Patricia,Software engineering,h1,C1.112,Dag4,15
Peter-Jan,Software engineering,h1,C1.112,Dag4,15
Pleun,Software engineering,h1,C1.112,Dag4,15
Priscillia,Software engineering,h1,C1.112,Dag4,15
Rachell,Software engineering,h1,C1.112,Dag4,15
Renco,Software engineering,h1,C1.112,Dag4,15
Resul,Software engineering,h1,C1.112,Dag4,15
Rijkje,Software engineering,h1,C1.112,Dag4,15
Roan,Software engineering,h1,C1.112,Dag4,15
Roma,Software engineering,h1,C1.112,Dag4,15
Romy,Software engineering,h1,C1.112,Dag4,15
Rosali,Software engineering,h1,C1.112,Dag4,15
Saif,Software engineering,h1,C1.112,Dag4,15
Sanja,Software engineering,h1,C1.112,Dag4,15
Servaas,Software engineering,h1,C1.112,Dag4,15
Sonny,Software engineering,h1,C1.112,Dag4,15
Tamar,Software engineering,h1,C1.112,Dag4,15
Tarik,Software engineering,h1,C1.112,Dag4,15
Tevfik,Software engineering,h1,C1.112,Dag4,15
Virgill,Software engineering,h1,C1.112,Dag4,15
Yana,Software engineering,h1,C1.112,Dag4,15
Yanick,Software engineering,h1,C1.112,Dag4,15
Ycel,Software engineering,h1,C1.112,Dag4,15
Ynze,Software engineering,h1,C1.112,Dag4,15
Yuri,Software engineering,h1,C1.112,Dag4,15
Zahir,Software engineering,h1,C1.112,Dag4,15
Aart,Software engineering,w1,A1.04,Dag5,9
Abdallah,Software engineering,w1,A1.04,Dag5,9
Abram,Software engineering,w1,A1.04,Dag5,9
Albertien,Software engineering,w1,A1.04,Dag5,9
Angelica,Software engineering,w1,A1.04,Dag5,9
Annique,Software engineering,w1,A1.04,Dag5,9
Bjorn,Software engineering,w1,A1.04,Dag5,9
Brecht,Software engineering,w1,A1.04,Dag5,9
Brigitta,Software engineering,w1,A1.04,Dag5,9
Catharinus,Software engineering,w1,A1.04,Dag5,9
Christal,Software engineering,w1,A1.04,Dag5,9
Dax,Software engineering,w1,A1.04,Dag5,9
Deacon,Software engineering,w1,A1.04,Dag5,9
Dorenda,Software engineering,w1,A1.04,Dag5,9
Eltjo,Software engineering,w1,A1.04,Dag5,9
Esmee,Software engineering,w1,A1.04,Dag5,9
Ethan,Software engineering,w1,A1.04,Dag5,9
Eyup,Software engineering,w1,A1.04,Dag5,9
Frederic,Software engineering,w1,A1.04,Dag5,9
Fredrika,Software engineering,w1,A1.04,Dag5,9
Gabriella,Software engineering,w1,A1.04,Dag5,9
Geerte,Software engineering,w1,A1.04,Dag5,9
Geerten,Software engineering,w1,A1.04,Dag5,9
Geurt,Software engineering,w1,A1.04,Dag5,9
Hailey,Software engineering,w1,A1.04,Dag5,9
Hanan,Software engineering,w1,A1.04,Dag5,9
Hananja,Software engineering,w1,A1.04,Dag5,9
Haroun,Software engineering,w1,A1.04,Dag5,9
Imran,Software engineering,w1,A1.04,Dag5,9
Jorian,Software engineering,w1,A1.04,Dag5,9
Jos,Software engineering,w1,A1.04,Dag5,9
Karam,Software engineering,w1,A1.04,Dag5,9
Kavish,Software engineering,w1,A1.04,Dag5,9
Kimm,Software engineering,w1,A1.04,Dag5,9
Ko,Software engineering,w1,A1.04,Dag5,9
Krijntje,Software engineering,w1,A1.04,Dag5,9
Lamia,Software engineering,w1,A1.04,Dag5,9
Liedeke,Software engineering,w1,A1.04,Dag5,9
Ludovicus,Software engineering,w1,A1.04,Dag5,9
Marcellus,Software engineering,w1,A1.04,Dag5,9
Maritte,Software engineering,w1,A1.06,Dag5,9
Maron,Software engineering,w1,A1.06,Dag5,9
Marssae,Software engineering,w1,A1.06,Dag5,9
Matz,Software engineering,w1,A1.06,Dag5,9
Minoesch,Software engineering,w1,A1.06,Dag5,9
Naciye,Software engineering,w1,A1.06,Dag5,9
Nermin,Software engineering,w1,A1.06,Dag5,9
Nygel,Software engineering,w1,A1.06,Dag5,9
Ouidad,Software engineering,w1,A1.06,Dag5,9
Patricia,Software engineering,w1,A1.06,Dag5,9
Peter-Jan,Software engineering,w1,A1.06,Dag5,9
Pleun,Software engineering,w1,A1.06,Dag5,9
Priscillia,Software engineering,w1,A1.06,Dag5,9
Rachell,Software engineering,w1,A1.06,Dag5,9
Renco,Software engineering,w1,A1.06,Dag5,9
Resul,Software engineering,w1,A1.06,Dag5,9
Rijkje,Software engineering,w1,A1.06,Dag5,9
Roan,Software engineering,w1,A1.06,Dag5,9
Roma,Software engineering,w1,A1.06,Dag5,9
Romy,Software engineering,w1,A1.06,Dag5,9
Rosali,Software engineering,w1,A1.06,Dag5,9
Saif,Software engineering,w1,A1.06,Dag5,9
Sanja,Software engineering,w1,A1.06,Dag5,9
Servaas,Software engineering,w1,A1.06,Dag5,9
Sonny,Software engineering,w1,A1.06,Dag5,9
Tamar,Software engineering,w1,A1.06,Dag5,9
Tarik,Software engineering,w1,A1.06,Dag5,9
Tevfik,Software engineering,w1,A1.06,Dag5,9
Virgill,Software engineering,w1,A1.06,Dag5,9
Yana,Software engineering,w1,A1.06,Dag5,9
Yanick,Software engineering,w1,A1.06,Dag5,9
Ycel,Software engineering,w1,A1.06,Dag5,9
Ynze,Software engineering,w1,A1.06,Dag5,9
Yuri,Software engineering,w1,A1.06,Dag5,9
Zahir,Software engineering,w1,A1.06,Dag5,9
Aart,Software engineering,p1,A1.08,Dag5,9
Abdallah,Software engineering,p1,A1.08,Dag5,9
Abram,Software engineering,p1,A1.08,Dag5,9
Albertien,Software engineering,p1,A1.08,Dag5,9
Angelica,Software engineering,p1,A1.08,Dag5,9
Annique,Software engineering,p1,A1.08,Dag5,9
Bjorn,Software engineering,p1,A1.08,Dag5,9
Brecht,Software engineering,p1,A1.08,Dag5,9
Brigitta,Software engineering,p1,A1.08,Dag5,9
Catharinus,Software engineering,p1,A1.08,Dag5,9
Christal,Software engineering,p1,A1.08,Dag5,9
Dax,Software engineering,p1,A1.08,Dag5,9
Deacon,Software engineering,p1,A1.08,Dag5,9
Dorenda,Software engineering,p1,A1.08,Dag5,9
Eltjo,Software engineering,p1,A1.08,Dag5,9
Esmee,Software engineering,p1,A1.08,Dag5,9
Ethan,Software engineering,p1,A1.08,Dag5,9
Eyup,Software engineering,p1,A1.08,Dag5,9
Frederic,Software engineering,p1,A1.08,Dag5,9
Fredrika,Software engineering,p1,A1.08,Dag5,9
Gabriella,Software engineering,p1,A1.08,Dag5,9
Geerte,Software engineering,p1,A1.08,Dag5,9
Geerten,Software engineering,p1,A1.08,Dag5,9
Geurt,Software engineering,p1,A1.08,Dag5,9
Hailey,Software engineering,p1,A1.08,Dag5,9
Hanan,Software engineering,p1,A1.08,Dag5,9
Hananja,Software engineering,p1,A1.08,Dag5,9
Haroun,Software engineering,p1,A1.08,Dag5,9
Imran,Software engineering,p1,A1.08,Dag5,9
Jorian,Software engineering,p1,A1.08,Dag5,9
Jos,Software engineering,p1,A1.08,Dag5,9
Karam,Software engineering,p1,A1.08,Dag5,9
Kavish,Software engineering,p1,A1.08,Dag5,9
Kimm,Software engineering,p1,A1.08,Dag5,9
Ko,Software engineering,p1,A1.08,Dag5,9
Krijntje,Software engineering,p1,A1.08,Dag5,9
Lamia,Software engineering,p1,A1.08,Dag5,9
Liedeke,Software engineering,p1,A1.08,Dag5,9
Ludovicus,Software engineering,p1,A1.08,Dag5,9
Marcellus,Software engineering,p1,A1.08,Dag5,9
Maritte,Software engineering,p1,A1.10,Dag5,9
Maron,Software engineering,p1,A1.10,Dag5,9
Marssae,Software engineering,p1,A1.10,Dag5,9
Matz,Software engineering,p1,A1.10,Dag5,9
Minoesch,Software engineering,p1,A1.10,Dag5,9
Naciye,Software engineering,p1,A1.10,Dag5,9
Nermin,Software engineering,p1,A1.10,Dag5,9
Nygel,Software engineering,p1,A1.10,Dag5,9
Ouidad,Software engineering,p1,A1.10,Dag5,9
Patricia,Software engineering,p1,A1.10,Dag5,9
Peter-Jan,Software engineering,p1,A1.10,Dag5,9
Pleun,Software engineering,p1,A1.10,Dag5,9
Priscillia,Software engineering,p1,A1.10,Dag5,9
Rachell,Software engineering,p1,A1.10,Dag5,9
Renco,Software engineering,p1,A1.10,Dag5,9
Resul,Software engineering,p1,A1.10,Dag5,9
Rijkje,Software engineering,p1,A1.10,Dag5,9
Roan,Software engineering,p1,A1.10,Dag5,9
Roma,Software engineering,p1,A1.10,Dag5,9
Romy,Software engineering,p1,A1.10,Dag5,9
Rosali,Software engineering,p1,A1.10,Dag5,9
Saif,Software engineering,p1,A1.10,Dag5,9
Sanja,Software engineering,p1,A1.10,Dag5,9
Servaas,Software engineering,p1,A1.10,Dag5,9
Sonny,Software engineering,p1,A1.10,Dag5,9
Tamar,Software engineering,p1,A1.10,Dag5,9
Tarik,Software engineering,p1,A1.10,Dag5,9
Tevfik,Software engineering,p1,A1.10,Dag5,9
Virgill,Software engineering,p1,A1.10,Dag5,9
Yana,Software engineering,p1,A1.10,Dag5,9
Yanick,Software engineering,p1,A1.10,Dag5,9
Ycel,Software engineering,p1,A1.10,Dag5,9
Ynze,Software engineering,p1,A1.10,Dag5,9
Yuri,Software engineering,p1,A1.10,Dag5,9
Zahir,Software engineering,p1,A1.10,Dag5,9
Abdelkader,Technology for games,h1,B0.201,Dag5,9
Albertien,Technology for games,h1,B0.201,Dag5,9
Andre,Technology for games,h1,B0.201,Dag5,9
Aradhna,Technology for games,h1,B0.201,Dag5,9
Aya,Technology for games,h1,B0.201,Dag5,9
Bahattin,Technology for games,h1,B0.201,Dag5,9
Bert,Technology for games,h1,B0.201,Dag5,9
Btissam,Technology for games,h1,B0.201,Dag5,9
Buck,Technology for games,h1,B0.201,Dag5,9
Catherine,Technology for games,h1,B0.201,Dag5,9
Diemer,Technology for games,h1,B0.201,Dag5,9
Djura,Technology for games,h1,B0.201,Dag5,9
Doede,Technology for games,h1,B0.201,Dag5,9
Elske,Technology for games,h1,B0.201,Dag5,9
Emrah,Technology for games,h1,B0.201,Dag5,9
Enrique,Technology for games,h1,B0.201,Dag5,9
Fauve,Technology for games,h1,B0.201,Dag5,9
Gabe,Technology for games,h1,B0.201,Dag5,9
Hanne,Technology for games,h1,B0.201,Dag5,9
Harwin,Technology for games,h1,B0.201,Dag5,9
Jorg,Technology for games,h1,B0.201,Dag5,9
Judi,Technology for games,h1,B0.201,Dag5,9
Kavish,Technology for games,h1,B0.201,Dag5,9
Lucienne,Technology for games,h1,B0.201,Dag5,9
Maritha,Technology for games,h1,B0.201,Dag5,9
Nadien,Technology for games,h1,B0.201,Dag5,9
Nikolas,Technology for games,h1,B0.201,Dag5,9
Nygel,Technology for games,h1,B0.201,Dag5,9
Pietro,Technology for games,h1,B0.201,Dag5,9
Randell,Technology for games,h1,B0.201,Dag5,9
Redouane,Technology for games,h1,B0.201,Dag5,9
Renco,Technology for games,h1,B0.201,Dag5,9
Rika,Technology for games,h1,B0.201,Dag5,9
Sanne,Technology for games,h1,B0.201,Dag5,9
Sherman,Technology for games,h1,B0.201,Dag5,9
Walther,Technology for games,h1,B0.201,Dag5,9
Yaro,Technology for games,h1,B0.201,Dag5,9
Abdelkader,Technology for games,h2,C0.110,Dag5,9
Albertien,Technology for games,h2,C0.110,Dag5,9
Andre,Technology for games,h2,C0.110,Dag5,9
Aradhna,Technology for games,h2,C0.110,Dag5,9
Aya,Technology for games,h2,C0.110,Dag5,9
Bahattin,Technology for games,h2,C0.110,Dag5,9
Bert,Technology for games,h2,C0.110,Dag5,9
Btissam,Technology for games,h2,C0.110,Dag5,9
Buck,Technology for games,h2,C0.110,Dag5,9
Catherine,Technology for games,h2,C0.110,Dag5,9
Diemer,Technology for games,h2,C0.110,Dag5,9
Djura,Technology for games,h2,C0.110,Dag5,9
Doede,Technology for games,h2,C0.110,Dag5,9
Elske,Technology for games,h2,C0.110,Dag5,9
Emrah,Technology for games,h2,C0.110,Dag5,9
Enrique,Technology for games,h2,C0.110,Dag5,9
Fauve,Technology for games,h2,C0.110,Dag5,9
Gabe,Technology for games,h2,C0.110,Dag5,9
Hanne,Technology for games,h2,C0.110,Dag5,9
Harwin,Technology for games,h2,C0.110,Dag5,9
Jorg,Technology for games,h2,C0.110,Dag5,9
Judi,Technology for games,h2,C0.110,Dag5,9
Kavish,Technology for games,h2,C0.110,Dag5,9
Lucienne,Technology for games,h2,C0.110,Dag5,9
Maritha,Technology for games,h2,C0.110,Dag5,9
Nadien,Technology for games,h2,C0.110,Dag5,9
Nikolas,Technology for games,h2,C0.110,Dag5,9
Nygel,Technology for games,h2,C0.110,Dag5,9
Pietro,Technology for games,h2,C0.110,Dag5,9
Randell,Technology for games,h2,C0.110,Dag5,9
Redouane,Technology for games,h2,C0.110,Dag5,9
Renco,Technology for games,h2,C0.110,Dag5,9
Rika,Technology for games,h2,C0.110,Dag5,9
Sanne,Technology for games,h2,C0.110,Dag5,9
Sherman,Technology for games,h2,C0.110,Dag5,9
Walther,Technology for games,h2,C0.110,Dag5,9
Yaro,Technology for games,h2,C0.110,Dag5,9
Abdelkader,Technology for games,w1,C1.112,Dag5,9
Albertien,Technology for games,w1,C1.112,Dag5,9
Andre,Technology for games,w1,C1.112,Dag5,9
Aradhna,Technology for games,w1,C1.112,Dag5,9
Aya,Technology for games,w1,C1.112,Dag5,9
Bahattin,Technology for games,w1,C1.112,Dag5,9
Bert,Technology for games,w1,C1.112,Dag5,9
Btissam,Technology for games,w1,C1.112,Dag5,9
Buck,Technology for games,w1,C1.112,Dag5,9
Catherine,Technology for games,w1,C1.112,Dag5,9
Diemer,Technology for games,w1,C1.112,Dag5,9
Djura,Technology for games,w1,C1.112,Dag5,9
Doede,Technology for games,w1,C1.112,Dag5,9
Elske,Technology for games,w1,C1.112,Dag5,9
Emrah,Technology for games,w1,C1.112,Dag5,9
Enrique,Technology for games,w1,C1.112,Dag5,9
Fauve,Technology for games,w1,C1.112,Dag5,9
Gabe,Technology for games,w1,C1.112,Dag5,9
Hanne,Technology for games,w1,C1.112,Dag5,9
Harwin,Technology for games,w1,C1.112,Dag5,9
Jorg,Technology for games,w1,A1.04,Dag5,11
Judi,Technology for games,w1,A1.04,Dag5,11
Kavish,Technology for games,w1,A1.04,Dag5,11
Lucienne,Technology for games,w1,A1.04,Dag5,11
Maritha,Technology for games,w1,A1.04,Dag5,11
Nadien,Technology for games,w1,A1.04,Dag5,11
Nikolas,Technology for games,w1,A1.04,Dag5,11
Nygel,Technology for games,w1,A1.04,Dag5,11
Pietro,Technology for games,w1,A1.04,Dag5,11
Randell,Technology for games,w1,A1.04,Dag5,11
Redouane,Technology for games,w1,A1.04,Dag5,11
Renco,Technology for games,w1,A1.04,Dag5,11
Rika,Technology for games,w1,A1.04,Dag5,11
Sanne,Technology for games,w1,A1.04,Dag5,11
Sherman,Technology for games,w1,A1.04,Dag5,11
Walther,Technology for games,w1,A1.04,Dag5,11
Yaro,Technology for games,w1,A1.04,Dag5,11
Abram,Webprogrammeren en databases,h1,A1.06,Dag5,11
Adisa,Webprogrammeren en databases,h1,A1.06,Dag5,11
Anne-Jet,Webprogrammeren en databases,h1,A1.06,Dag5,11
Benjamin,Webprogrammeren en databases,h1,A1.06,Dag5,11
Bobby,Webprogrammeren en databases,h1,A1.06,Dag5,11
Chelly,Webprogrammeren en databases,h1,A1.06,Dag5,11
Cheyenna,Webprogrammeren en databases,h1,A1.06,Dag5,11
Christal,Webprogrammeren en databases,h1,A1.06,Dag5,11
Christianus,Webprogrammeren en databases,h1,A1.06,Dag5,11
Dalila,Webprogrammeren en databases,h1,A1.06,Dag5,11
Fransiscus,Webprogrammeren en databases,h1,A1.06,Dag5,11
Guilliano,Webprogrammeren en databases,h1,A1.06,Dag5,11
Hedwich,Webprogrammeren en databases,h1,A1.06,Dag5,11
Jildou,Webprogrammeren en databases,h1,A1.06,Dag5,11
Jimi,Webprogrammeren en databases,h1,A1.06,Dag5,11
Johannes,Webprogrammeren en databases,h1,A1.06,Dag5,11
Jonah,Webprogrammeren en databases,h1,A1.06,Dag5,11
Jorren,Webprogrammeren en databases,h1,A1.06,Dag5,11
Juno,Webprogrammeren en databases,h1,A1.06,Dag5,11
Jurrit,Webprogrammeren en databases,h1,A1.06,Dag5,11
Karolina,Webprogrammeren en databases,h1,A1.06,Dag5,11
Kyra,Webprogrammeren en databases,h1,A1.06,Dag5,11
Malte,Webprogrammeren en databases,h1,A1.06,Dag5,11
Marck,Webprogrammeren en databases,h1,A1.06,Dag5,11
Marilene,Webprogrammeren en databases,h1,A1.06,Dag5,11
Maritte,Webprogrammeren en databases,h1,A1.06,Dag5,11
Nalinie,Webprogrammeren en databases,h1,A1.06,Dag5,11
Nathanael,Webprogrammeren en databases,h1,A1.06,Dag5,11
Patric,Webprogrammeren en databases,h1,A1.06,Dag5,11
Renze,Webprogrammeren en databases,h1,A1.06,Dag5,11
Roelof,Webprogrammeren en databases,h1,A1.06,Dag5,11
Sanne,Webprogrammeren en databases,h1,A1.06,Dag5,11
Sayfeddine,Webprogrammeren en databases,h1,A1.06,Dag5,11
Tian,Webprogrammeren en databases,h1,A1.06,Dag5,11
Vinod,Webprogrammeren en databases,h1,A1.06,Dag5,11
Yalda,Webprogrammeren en databases,h1,A1.06,Dag5,11
Yaro,Webprogrammeren en databases,h1,A1.06,Dag5,11
Yuri,Webprogrammeren en databases,h1,A1.06,Dag5,11
Ziya,Webprogrammeren en databases,h1,A1.06,Dag5,11
Abram,Webprogrammeren en databases,h2,A1.08,Dag5,11
Adisa,Webprogrammeren en databases,h2,A1.08,Dag5,11
Anne-Jet,Webprogrammeren en databases,h2,A1.08,Dag5,11
Benjamin,Webprogrammeren en databases,h2,A1.08,Dag5,11
Bobby,Webprogrammeren en databases,h2,A1.08,Dag5,11
Chelly,Webprogrammeren en databases,h2,A1.08,Dag5,11
Cheyenna,Webprogrammeren en databases,h2,A1.08,Dag5,11
Christal,Webprogrammeren en databases,h2,A1.08,Dag5,11
Christianus,Webprogrammeren en databases,h2,A1.08,Dag5,11
Dalila,Webprogrammeren en databases,h2,A1.08,Dag5,11
Fransiscus,Webprogrammeren en databases,h2,A1.08,Dag5,11
Guilliano,Webprogrammeren en databases,h2,A1.08,Dag5,11
Hedwich,Webprogrammeren en databases,h2,A1.08,Dag5,11
Jildou,Webprogrammeren en databases,h2,A1.08,Dag5,11
Jimi,Webprogrammeren en databases,h2,A1.08,Dag5,11
Johannes,Webprogrammeren en databases,h2,A1.08,Dag5,11
Jonah,Webprogrammeren en databases,h2,A1.08,Dag5,11
Jorren,Webprogrammeren en databases,h2,A1.08,Dag5,11
Juno,Webprogrammeren en databases,h2,A1.08,Dag5,11
Jurrit,Webprogrammeren en databases,h2,A1.08,Dag5,11
Karolina,Webprogrammeren en databases,h2,A1.08,Dag5,11
Kyra,Webprogrammeren en databases,h2,A1.08,Dag5,11
Malte,Webprogrammeren en databases,h2,A1.08,Dag5,11
Marck,Webprogrammeren en databases,h2,A1.08,Dag5,11
Marilene,Webprogrammeren en databases,h2,A1.08,Dag5,11
Maritte,Webprogrammeren en databases,h2,A1.08,Dag5,11
Nalinie,Webprogrammeren en databases,h2,A1.08,Dag5,11
Nathanael,Webprogrammeren en databases,h2,A1.08,Dag5,11
Patric,Webprogrammeren en databases,h2,A1.08,Dag5,11
Renze,Webprogrammeren en databases,h2,A1.08,Dag5,11
Roelof,Webprogrammeren en databases,h2,A1.08,Dag5,11
Sanne,Webprogrammeren en databases,h2,A1.08,Dag5,11
Sayfeddine,Webprogrammeren en databases,h2,A1.08,Dag5,11
Tian,Webprogrammeren en databases,h2,A1.08,Dag5,11
Vinod,Webprogrammeren en databases,h2,A1.08,Dag5,11
Yalda,Webprogrammeren en databases,h2,A1.08,Dag5,11
Yaro,Webprogrammeren en databases,h2,A1.08,Dag5,11
Yuri,Webprogrammeren en databases,h2,A1.08,Dag5,11
Ziya,Webprogrammeren en databases,h2,A1.08,Dag5,11
Abram,Webprogrammeren en databases,w1,A1.10,Dag5,11
Adisa,Webprogrammeren en databases,w1,A1.10,Dag5,11
Anne-Jet,Webprogrammeren en databases,w1,A1.10,Dag5,11
Benjamin,Webprogrammeren en databases,w1,A1.10,Dag5,11
Bobby,Webprogrammeren en databases,w1,A1.10,Dag5,11
Chelly,Webprogrammeren en databases,w1,A1.10,Dag5,11
Cheyenna,Webprogrammeren en databases,w1,A1.10,Dag5,11
Christal,Webprogrammeren en databases,w1,A1.10,Dag5,11
Christianus,Webprogrammeren en databases,w1,A1.10,Dag5,11
Dalila,Webprogrammeren en databases,w1,A1.10,Dag5,11
Fransiscus,Webprogrammeren en databases,w1,A1.10,Dag5,11
Guilliano,Webprogrammeren en databases,w1,A1.10,Dag5,11
Hedwich,Webprogrammeren en databases,w1,A1.10,Dag5,11
Jildou,Webprogrammeren en databases,w1,A1.10,Dag5,11
Jimi,Webprogrammeren en databases,w1,A1.10,Dag5,11
Johannes,Webprogrammeren en databases,w1,A1.10,Dag5,11
Jonah,Webprogrammeren en databases,w1,A1.10,Dag5,11
Jorren,Webprogrammeren en databases,w1,A1.10,Dag5,11
Juno,Webprogrammeren en databases,w1,A1.10,Dag5,11
Jurrit,Webprogrammeren en databases,w1,A1.10,Dag5,11
Karolina,Webprogrammeren en databases,w1,B0.201,Dag5,11
Kyra,Webprogrammeren en databases,w1,B0.201,Dag5,11
Malte,Webprogrammeren en databases,w1,B0.201,Dag5,11
Marck,Webprogrammeren en databases,w1,B0.201,Dag5,11
Marilene,Webprogrammeren en databases,w1,B0.201,Dag5,11
Maritte,Webprogrammeren en databases,w1,B0.201,Dag5,11
Nalinie,Webprogrammeren en databases,w1,B0.201,Dag5,11
Nathanael,Webprogrammeren en databases,w1,B0.201,Dag5,11
Patric,Webprogrammeren en databases,w1,B0.201,Dag5,11
Renze,Webprogrammeren en databases,w1,B0.201,Dag5,11
Roelof,Webprogrammeren en databases,w1,B0.201,Dag5,11
Sanne,Webprogrammeren en databases,w1,B0.201,Dag5,11
Sayfeddine,Webprogrammeren en databases,w1,B0.201,Dag5,11
Tian,Webprogrammeren en databases,w1,B0.201,Dag5,11
Vinod,Webprogrammeren en databases,w1,B0.201,Dag5,11
Yalda,Webprogrammeren en databases,w1,B0.201,Dag5,11
Yaro,Webprogrammeren en databases,w1,B0.201,Dag5,11
Yuri,Webprogrammeren en databases,w1,B0.201,Dag5,11
Ziya,Webprogrammeren en databases,w1,B0.201,Dag5,11
Abram,Webprogrammeren en databases,p1,C0.110,Dag5,11
Adisa,Webprogrammeren en databases,p1,C0.110,Dag5,11
Anne-Jet,Webprogrammeren en databases,p1,C0.110,Dag5,11
Benjamin,Webprogrammeren en databases,p1,C0.110,Dag5,11
Bobby,Webprogrammeren en databases,p1,C0.110,Dag5,11
Chelly,Webprogrammeren en databases,p1,C0.110,Dag5,11
Cheyenna,Webprogrammeren en databases,p1,C0.110,Dag5,11
Christal,Webprogrammeren en databases,p1,C0.110,Dag5,11
Christianus,Webprogrammeren en databases,p1,C0.110,Dag5,11
Dalila,Webprogrammeren en databases,p1,C0.110,Dag5,11
Fransiscus,Webprogrammeren en databases,p1,C0.110,Dag5,11
Guilliano,Webprogrammeren en databases,p1,C0.110,Dag5,11
Hedwich,Webprogrammeren en databases,p1,C0.110,Dag5,11
Jildou,Webprogrammeren en databases,p1,C0.110,Dag5,11
Jimi,Webprogrammeren en databases,p1,C0.110,Dag5,11
Johannes,Webprogrammeren en databases,p1,C0.110,Dag5,11
Jonah,Webprogrammeren en databases,p1,C0.110,Dag5,11
Jorren,Webprogrammeren en databases,p1,C0.110,Dag5,11
Juno,Webprogrammeren en databases,p1,C0.110,Dag5,11
Jurrit,Webprogrammeren en databases,p1,C0.110,Dag5,11
Karolina,Webprogrammeren en databases,p1,C1.112,Dag5,11
Kyra,Webprogrammeren en databases,p1,C1.112,Dag5,11
Malte,Webprogrammeren en databases,p1,C1.112,Dag5,11
Marck,Webprogrammeren en databases,p1,C1.112,Dag5,11
Marilene,Webprogrammeren en databases,p1,C1.112,Dag5,11
Maritte,Webprogrammeren en databases,p1,C1.112,Dag5,11
Nalinie,Webprogrammeren en databases,p1,C1.112,Dag5,11
Nathanael,Webprogrammeren en databases,p1,C1.112,Dag5,11
Patric,Webprogrammeren en databases,p1,C1.112,Dag5,11
Renze,Webprogrammeren en databases,p1,C1.112,Dag5,11
Roelof,Webprogrammeren en databases,p1,C1.112,Dag5,11
Sanne,Webprogrammeren en databases,p1,C1.112,Dag5,11
Sayfeddine,Webprogrammeren en databases,p1,C1.112,Dag5,11
Tian,Webprogrammeren en databases,p1,C1.112,Dag5,11
Vinod,Webprogrammeren en databases,p1,C1.112,Dag5,11
Yalda,Webprogrammeren en databases,p1,C1.112,Dag5,11
Yaro,Webprogrammeren en databases,p1,C1.112,Dag5,11
Yuri,Webprogrammeren en databases,p1,C1.112,Dag5,11
Ziya,Webprogrammeren en databases,p1,C1.112,Dag5,11
Ans,Zoeken sturen en bewegen,p1,A1.04,Dag5,13
Arina,Zoeken sturen en bewegen,p1,A1.04,Dag5,13
Berit,Zoeken sturen en bewegen,p1,A1.04,Dag5,13
Buck,Zoeken sturen en bewegen,p1,A1.04,Dag5,13
Cemil,Zoeken sturen en bewegen,p1,A1.04,Dag5,13
Djamilla,Zoeken sturen en bewegen,p1,A1.04,Dag5,13
Doede,Zoeken sturen en bewegen,p1,A1.04,Dag5,13
Dolf,Zoeken sturen en bewegen,p1,A1.04,Dag5,13
Emme,Zoeken sturen en bewegen,p1,A1.04,Dag5,13
Goos,Zoeken sturen en bewegen,p1,A1.04,Dag5,13
Gustaaf,Zoeken sturen en bewegen,p1,A1.04,Dag5,13
Ilyass,Zoeken sturen en bewegen,p1,A1.04,Dag5,13
Jael,Zoeken sturen en bewegen,p1,A1.04,Dag5,13
Jonah,Zoeken sturen en bewegen,p1,A1.04,Dag5,13
Jos,Zoeken sturen en bewegen,p1,A1.04,Dag5,13
Julot,Zoeken sturen en bewegen,p1,A1.06,Dag5,13
Jurrian,Zoeken sturen en bewegen,p1,A1.06,Dag5,13
Karolina,Zoeken sturen en bewegen,p1,A1.06,Dag5,13
Krijna,Zoeken sturen en bewegen,p1,A1.06,Dag5,13
Lilly,Zoeken sturen en bewegen,p1,A1.06,Dag5,13
Marnik,Zoeken sturen en bewegen,p1,A1.06,Dag5,13
Marrie,Zoeken sturen en bewegen,p1,A1.06,Dag5,13
Mathe,Zoeken sturen en bewegen,p1,A1.06,Dag5,13
Noud,Zoeken sturen en bewegen,p1,A1.06,Dag5,13
Owen,Zoeken sturen en bewegen,p1,A1.06,Dag5,13
Rein,Zoeken sturen en bewegen,p1,A1.06,Dag5,13
Resi,Zoeken sturen en bewegen,p1,A1.06,Dag5,13
Riana,Zoeken sturen en bewegen,p1,A1.06,Dag5,13
Rins,Zoeken sturen en bewegen,p1,A1.06,Dag5,13
Sezen,Zoeken sturen en bewegen,p1,A1.06,Dag5,13
Shairon,Zoeken sturen en bewegen,p1,A1.08,Dag5,13
Shan,Zoeken sturen en bewegen,p1,A1.08,Dag5,13
Shauny,Zoeken sturen en bewegen,p1,A1.08,Dag5,13
Sohrab,Zoeken sturen en bewegen,p1,A1.08,Dag5,13
Tamimount,Zoeken sturen en bewegen,p1,A1.08,Dag5,13
Tjesse,Zoeken sturen en bewegen,p1,A1.08,Dag5,13
Tom,Zoeken sturen en bewegen,p1,A1.08,Dag5,13
Vasco,Zoeken sturen en bewegen,p1,A1.08,Dag5,13
Wissal,Zoeken sturen en bewegen,p1,A1.08,Dag5,13
Xiao,Zoeken sturen en bewegen,p1,A1.08,Dag5,13
Ya,Zoeken sturen en bewegen,p1,A1.08,Dag5,13
Ycel,Zoeken sturen en bewegen,p1,A1.08,Dag5,13
